date,value
<<<<<<< HEAD
2010-04-01,84.87
2010-04-05,86.62
2010-04-06,86.84
2010-04-07,85.88
2010-04-08,85.39
2010-04-09,84.92
2010-04-12,84.34
2010-04-13,84.05
2010-04-14,85.84
2010-04-15,85.758
2010-04-16,83.81200000000003
2010-04-19,82.458
2010-04-20,83.77
2010-04-21,83.68
2010-04-22,83.7
2010-04-23,85.12
2010-04-26,84.2
2010-04-27,82.44
2010-04-28,83.22
2010-04-29,85.17
2010-04-30,86.15
2010-05-03,86.19
2010-05-04,82.74
2010-05-05,79.97
2010-05-06,77.11
2010-05-07,75.11
2010-05-10,76.8
2010-05-11,76.37
2010-05-12,75.65
2010-05-13,74.4
2010-05-14,71.61
2010-05-17,70.708
2010-05-18,70.726
2010-05-19,71.436
2010-05-20,70.242
2010-05-21,70.04
2010-05-24,70.21
2010-05-25,68.75
2010-05-26,71.51
2010-05-27,74.55
2010-05-28,73.97
2010-06-01,72.58
2010-06-02,72.86
2010-06-03,74.61
2010-06-04,71.51
2010-06-07,71.44
2010-06-08,71.99
2010-06-09,74.38
2010-06-10,75.48
2010-06-11,73.78
2010-06-14,75.12
2010-06-15,76.94
2010-06-16,77.67
2010-06-17,77.04
2010-06-18,77.612
2010-06-21,78.294
2010-06-22,77.722
2010-06-23,76.35
2010-06-24,76.51
2010-06-25,78.86
2010-06-28,78.25
2010-06-29,75.94
2010-06-30,75.63
2010-07-01,72.95
2010-07-02,72.14
2010-07-06,71.98
2010-07-07,74.07
2010-07-08,75.44
2010-07-09,76.09
2010-07-12,74.95
2010-07-13,77.15
2010-07-14,77.04
2010-07-15,76.69800000000002
2010-07-16,76.158
2010-07-19,76.756
2010-07-20,77.55199999999998
2010-07-21,76.56
2010-07-22,79.3
2010-07-23,78.98
2010-07-26,78.98
2010-07-27,77.5
2010-07-28,76.99
2010-07-29,78.36
2010-07-30,78.95
2010-08-02,81.34
2010-08-03,82.55
2010-08-04,82.47
2010-08-05,82.01
2010-08-06,80.7
2010-08-09,81.48
2010-08-10,80.25
2010-08-11,78.02
2010-08-12,75.74
2010-08-13,75.39
2010-08-16,75.24
2010-08-17,75.848
2010-08-18,75.564
2010-08-19,74.634
2010-08-20,73.748
2010-08-23,73.1
2010-08-24,71.63
2010-08-25,72.52
2010-08-26,73.36
2010-08-27,75.17
2010-08-30,74.7
2010-08-31,71.92
2010-09-01,73.91
2010-09-02,75.02
2010-09-03,74.6
2010-09-07,74.09
2010-09-08,74.67
2010-09-09,74.25
2010-09-10,76.45
2010-09-13,77.19
2010-09-14,76.8
2010-09-15,76.02
2010-09-16,74.57
2010-09-17,73.91199999999998
2010-09-20,75.392
2010-09-21,74.39
2010-09-22,74.408
2010-09-23,75.18
2010-09-24,76.49
2010-09-27,76.52
2010-09-28,76.18
2010-09-29,77.86
2010-09-30,79.97
2010-10-01,81.58
2010-10-04,81.47
2010-10-05,82.82
2010-10-06,83.23
2010-10-07,81.67
2010-10-08,82.66
2010-10-11,82.21
2010-10-12,81.67
2010-10-13,83.01
2010-10-14,82.69
2010-10-15,81.38600000000002
2010-10-18,83.368
2010-10-19,79.892
2010-10-20,82.38600000000002
2010-10-21,80.56
2010-10-22,81.69
2010-10-25,82.52
2010-10-26,82.55
2010-10-27,81.94
2010-10-28,82.18
2010-10-29,81.43
2010-11-01,82.95
2010-11-02,83.9
2010-11-03,84.69
2010-11-04,86.49
2010-11-05,86.85
2010-11-08,87.06
2010-11-09,86.72
2010-11-10,87.81
2010-11-11,87.81
2010-11-12,84.88
2010-11-15,84.86
2010-11-16,82.44
2010-11-17,80.68
2010-11-18,82.19200000000002
2010-11-19,81.88600000000002
2010-11-22,81.74
2010-11-23,81.25
2010-11-24,83.86
2010-11-26,83.76
2010-11-29,85.73
2010-11-30,84.11
2010-12-01,86.75
2010-12-02,88.0
2010-12-03,89.19
2010-12-06,89.38
2010-12-07,88.69
2010-12-08,88.28
2010-12-09,88.37
2010-12-10,87.79
2010-12-13,88.61
2010-12-14,88.28
2010-12-15,88.62
2010-12-16,87.84
2010-12-17,88.25200000000002
2010-12-20,89.146
2010-12-21,89.596
2010-12-22,90.48
2010-12-23,91.51
2010-12-27,91.0
2010-12-28,91.49
2010-12-29,91.12
2010-12-30,89.84
2010-12-31,91.38
2011-01-03,91.55
2011-01-04,89.38
2011-01-05,90.3
2011-01-06,88.38
2011-01-07,88.03
2011-01-10,89.25
2011-01-11,91.11
2011-01-12,91.86
2011-01-13,91.4
2011-01-14,91.746
2011-01-18,91.752
2011-01-19,91.43
2011-01-20,89.444
2011-01-21,89.11
2011-01-24,87.87
2011-01-25,86.19
2011-01-26,87.33
2011-01-27,85.64
2011-01-28,89.34
2011-01-31,92.19
2011-02-01,90.77
2011-02-02,90.86
2011-02-03,90.54
2011-02-04,89.03
2011-02-07,87.48
2011-02-08,86.94
2011-02-09,86.71
2011-02-10,86.73
2011-02-11,85.58
2011-02-14,84.81
2011-02-15,84.32
2011-02-16,85.56
2011-02-17,87.352
2011-02-18,88.306
2011-02-22,95.05
2011-02-23,98.1
2011-02-24,97.28
2011-02-25,97.88
2011-02-28,96.97
2011-03-01,99.63
2011-03-02,102.23
2011-03-03,101.91
2011-03-04,104.42
2011-03-07,105.44
2011-03-08,105.02
2011-03-09,104.38
2011-03-10,102.7
2011-03-11,101.16
2011-03-14,101.19
2011-03-15,97.18
2011-03-16,97.98
2011-03-17,101.614
2011-03-18,101.382
2011-03-21,102.786
2011-03-22,104.776
2011-03-23,105.75
2011-03-24,105.6
2011-03-25,105.4
2011-03-28,103.98
2011-03-29,104.79
2011-03-30,104.27
2011-03-31,106.72
2011-04-01,107.94
2011-04-04,108.47
2011-04-05,108.34
2011-04-06,108.83
2011-04-07,110.3
2011-04-08,112.79
2011-04-11,109.92
2011-04-12,106.25
2011-04-13,107.11
2011-04-14,108.228
2011-04-15,109.884
2011-04-18,107.462
2011-04-19,108.254
2011-04-20,111.45
2011-04-21,112.29
2011-04-25,112.28
2011-04-26,112.21
2011-04-27,112.76
2011-04-28,112.86
2011-04-29,113.93
2011-05-02,113.52
2011-05-03,111.05
2011-05-04,109.24
2011-05-05,99.8
2011-05-06,97.18
2011-05-09,102.55
2011-05-10,103.88
2011-05-11,98.21
2011-05-12,98.97
2011-05-13,99.65
2011-05-16,97.37
2011-05-17,97.014
2011-05-18,100.284
2011-05-19,98.734
2011-05-20,99.978
2011-05-23,97.7
2011-05-24,99.59
2011-05-25,101.32
2011-05-26,100.23
2011-05-27,100.59
2011-05-31,102.7
2011-06-01,100.29
2011-06-02,100.4
2011-06-03,100.22
2011-06-06,99.01
2011-06-07,99.09
2011-06-08,100.74
2011-06-09,101.93
2011-06-10,99.29
2011-06-13,97.3
2011-06-14,99.37
2011-06-15,94.81
2011-06-16,95.032
2011-06-17,93.166
2011-06-20,93.482
2011-06-21,94.016
2011-06-22,95.41
2011-06-23,91.02
2011-06-24,91.16
2011-06-27,90.61
2011-06-28,92.89
2011-06-29,94.77
2011-06-30,95.42
2011-07-01,94.94
2011-07-05,96.89
2011-07-06,96.65
2011-07-07,98.67
2011-07-08,96.2
2011-07-11,95.15
2011-07-12,97.43
2011-07-13,98.05
2011-07-14,95.69
2011-07-15,97.312
2011-07-18,96.058
2011-07-19,97.716
2011-07-20,98.348
2011-07-21,99.13
2011-07-22,99.87
2011-07-25,99.2
2011-07-26,99.59
2011-07-27,97.4
2011-07-28,97.44
2011-07-29,95.7
2011-08-01,94.89
2011-08-02,93.79
2011-08-03,91.93
2011-08-04,86.63
2011-08-05,86.88
2011-08-08,81.31
2011-08-09,79.3
2011-08-10,82.89
2011-08-11,85.72
2011-08-12,85.38
2011-08-15,87.88
2011-08-16,86.65
2011-08-17,87.61
2011-08-18,82.432
2011-08-19,82.35
2011-08-22,84.36
2011-08-23,85.44
2011-08-24,85.16
2011-08-25,85.3
2011-08-26,85.37
2011-08-29,87.27
2011-08-30,88.9
2011-08-31,88.81
2011-09-01,88.93
2011-09-02,86.45
2011-09-06,86.02
2011-09-07,89.34
2011-09-08,89.05
2011-09-09,87.24
2011-09-12,88.19
2011-09-13,90.21
2011-09-14,88.91
2011-09-15,89.43799999999997
2011-09-16,88.04799999999999
2011-09-19,85.766
2011-09-20,86.914
2011-09-21,85.92
2011-09-22,80.51
2011-09-23,79.85
2011-09-26,80.24
2011-09-27,84.45
2011-09-28,81.21
2011-09-29,82.14
2011-09-30,79.2
2011-10-03,77.61
2011-10-04,75.67
2011-10-05,79.68
2011-10-06,82.59
2011-10-07,82.98
2011-10-10,85.41
2011-10-11,85.81
2011-10-12,85.57
2011-10-13,84.23
2011-10-14,86.8
2011-10-17,86.428
2011-10-18,88.416
2011-10-19,86.21799999999998
2011-10-20,85.916
2011-10-21,87.4
2011-10-24,91.27
2011-10-25,93.17
2011-10-26,90.2
2011-10-27,93.96
2011-10-28,93.32
2011-10-31,93.19
2011-11-01,92.19
2011-11-02,92.51
2011-11-03,94.07
2011-11-04,94.26
2011-11-07,95.52
2011-11-08,96.8
2011-11-09,95.74
2011-11-10,97.78
2011-11-11,98.99
2011-11-14,98.14
2011-11-15,99.382
2011-11-16,102.594
2011-11-17,98.886
2011-11-18,97.618
2011-11-21,96.92
2011-11-22,98.01
2011-11-23,96.17
2011-11-25,96.77
2011-11-28,98.21
2011-11-29,99.79
2011-11-30,100.36
2011-12-01,100.2
2011-12-02,100.96
2011-12-05,100.99
2011-12-06,101.28
2011-12-07,100.49
2011-12-08,98.34
2011-12-09,99.41
2011-12-12,97.77
2011-12-13,100.14
2011-12-14,94.95
2011-12-15,93.91
2011-12-16,93.618
2011-12-19,93.982
2011-12-20,97.236
2011-12-21,98.67
2011-12-22,99.53
2011-12-23,99.68
2011-12-27,101.34
2011-12-28,99.36
2011-12-29,99.65
2011-12-30,98.83
2012-01-03,102.96
2012-01-04,103.22
2012-01-05,101.81
2012-01-06,101.56
2012-01-09,101.31
2012-01-10,102.24
2012-01-11,100.87
2012-01-12,99.1
2012-01-13,98.7
2012-01-17,100.742
2012-01-18,100.658
2012-01-19,100.48
2012-01-20,98.356
2012-01-23,99.58
2012-01-24,98.95
2012-01-25,99.4
2012-01-26,99.7
2012-01-27,99.56
2012-01-30,98.78
2012-01-31,98.48
2012-02-01,97.61
2012-02-02,96.36
2012-02-03,97.84
2012-02-06,96.91
2012-02-07,98.41
2012-02-08,98.71
2012-02-09,99.84
2012-02-10,98.67
2012-02-13,100.91
2012-02-14,100.74
2012-02-15,101.868
2012-02-16,102.442
2012-02-17,103.456
2012-02-21,106.168
2012-02-22,106.28
2012-02-23,107.83
2012-02-24,109.77
2012-02-27,108.56
2012-02-28,106.55
2012-02-29,107.07
2012-03-01,108.84
2012-03-02,106.7
2012-03-05,106.72
2012-03-06,104.7
2012-03-07,106.16
2012-03-08,106.58
2012-03-09,107.4
2012-03-12,106.34
2012-03-13,106.71
2012-03-14,105.43
2012-03-15,105.218
2012-03-16,107.268
2012-03-19,108.372
2012-03-20,105.978
2012-03-21,107.27
2012-03-22,105.35
2012-03-23,106.87
2012-03-26,107.03
2012-03-27,107.33
2012-03-28,105.41
2012-03-29,102.78
2012-03-30,103.02
2012-04-02,105.23
2012-04-03,104.01
2012-04-04,101.47
2012-04-05,103.31
2012-04-09,102.46
2012-04-10,101.02
2012-04-11,102.7
2012-04-12,103.64
2012-04-13,102.83
2012-04-16,102.93
2012-04-17,104.288
2012-04-18,102.85
2012-04-19,102.54
2012-04-20,103.714
2012-04-23,103.11
2012-04-24,103.55
2012-04-25,104.12
2012-04-26,104.55
2012-04-27,104.93
2012-04-30,104.87
2012-05-01,106.16
2012-05-02,105.22
2012-05-03,102.54
2012-05-04,98.49
2012-05-07,97.94
2012-05-08,97.01
2012-05-09,96.81
2012-05-10,97.08
2012-05-11,96.13
2012-05-14,94.78
2012-05-15,93.98
2012-05-16,92.81
2012-05-17,92.636
2012-05-18,91.608
2012-05-21,92.744
2012-05-22,91.812
2012-05-23,89.9
2012-05-24,90.66
2012-05-25,90.86
2012-05-29,90.76
2012-05-30,87.82
2012-05-31,86.53
2012-06-01,83.23
2012-06-04,83.98
2012-06-05,84.29
2012-06-06,85.02
2012-06-07,84.82
2012-06-08,84.1
2012-06-11,82.7
2012-06-12,83.32
2012-06-13,82.62
2012-06-14,83.91
2012-06-15,84.09
2012-06-18,83.402
2012-06-19,84.22200000000002
2012-06-20,81.52
2012-06-21,78.2
2012-06-22,79.76
2012-06-25,79.21
2012-06-26,79.36
2012-06-27,80.21
2012-06-28,77.69
2012-06-29,84.96
2012-07-02,83.75
2012-07-03,87.66
2012-07-05,87.22
2012-07-06,84.45
2012-07-09,85.99
2012-07-10,83.91
2012-07-11,85.81
2012-07-12,86.08
2012-07-13,87.1
2012-07-16,88.43
2012-07-17,89.28399999999998
2012-07-18,89.99
2012-07-19,92.846
2012-07-20,91.752
2012-07-23,88.14
2012-07-24,88.5
2012-07-25,88.97
2012-07-26,89.39
2012-07-27,90.13
2012-07-30,89.78
2012-07-31,88.06
2012-08-01,88.91
2012-08-02,87.13
2012-08-03,91.4
2012-08-06,92.2
2012-08-07,93.67
2012-08-08,93.35
2012-08-09,93.36
2012-08-10,92.87
2012-08-13,92.73
2012-08-14,93.43
2012-08-15,94.33
2012-08-16,95.658
2012-08-17,96.134
2012-08-20,96.144
2012-08-21,96.808
2012-08-22,97.26
2012-08-23,96.27
2012-08-24,96.15
2012-08-27,95.47
2012-08-28,96.33
2012-08-29,95.49
2012-08-30,94.62
2012-08-31,96.47
2012-09-04,95.3
2012-09-05,95.36
2012-09-06,95.53
2012-09-07,96.42
2012-09-10,96.54
2012-09-11,97.17
2012-09-12,97.01
2012-09-13,98.31
2012-09-14,99.0
2012-09-17,96.686
2012-09-18,95.422
2012-09-19,92.172
2012-09-20,92.31
2012-09-21,92.89
2012-09-24,91.93
2012-09-25,91.37
2012-09-26,89.98
2012-09-27,91.85
2012-09-28,92.19
2012-10-01,92.48
2012-10-02,91.89
2012-10-03,88.14
2012-10-04,91.71
2012-10-05,89.88
2012-10-08,89.33
2012-10-09,92.39
2012-10-10,91.25
2012-10-11,92.07
2012-10-12,91.86
2012-10-15,91.85
2012-10-16,92.09
2012-10-17,92.214
2012-10-18,92.272
2012-10-19,90.284
2012-10-22,88.666
2012-10-23,86.67
2012-10-24,85.73
2012-10-25,86.05
2012-10-26,86.28
2012-10-29,85.54
2012-10-30,85.68
2012-10-31,86.24
2012-11-01,87.09
2012-11-02,84.86
2012-11-05,85.65
2012-11-06,88.71
2012-11-07,84.44
2012-11-08,85.09
2012-11-09,86.07
2012-11-12,85.57
2012-11-13,85.47200000000002
2012-11-14,86.492
2012-11-15,85.70200000000001
2012-11-16,86.87
2012-11-19,89.28
2012-11-20,86.75
2012-11-21,87.38
2012-11-23,88.28
2012-11-26,87.74
2012-11-27,87.18
2012-11-28,86.49
2012-11-29,88.07
2012-11-30,88.91
2012-12-03,89.09
2012-12-04,88.5
2012-12-05,87.88
2012-12-06,86.26
2012-12-07,85.93
2012-12-10,85.56
2012-12-11,85.79
2012-12-12,86.77
2012-12-13,85.89
2012-12-14,86.834
2012-12-17,87.38799999999998
2012-12-18,88.212
2012-12-19,89.88600000000002
2012-12-20,90.13
2012-12-21,88.66
2012-12-24,88.61
2012-12-26,90.98
2012-12-27,90.87
2012-12-28,90.8
2012-12-31,91.82
2013-01-02,93.12
2013-01-03,92.92
2013-01-04,93.09
2013-01-07,93.19
2013-01-08,93.15
2013-01-09,93.1
2013-01-10,93.82
2013-01-11,93.56
2013-01-14,94.14
2013-01-15,93.28
2013-01-16,94.328
2013-01-17,95.67
2013-01-18,95.848
2013-01-22,96.592
2013-01-23,95.23
2013-01-24,95.95
2013-01-25,95.88
2013-01-28,96.44
2013-01-29,97.57
2013-01-30,97.94
2013-01-31,97.49
2013-02-01,97.77
2013-02-04,96.17
2013-02-05,96.64
2013-02-06,96.62
2013-02-07,95.83
2013-02-08,95.72
2013-02-11,97.03
2013-02-12,97.51
2013-02-13,97.01
2013-02-14,97.428
2013-02-15,96.08
2013-02-19,96.924
2013-02-20,95.068
2013-02-21,92.84
2013-02-22,93.13
2013-02-25,93.11
2013-02-26,92.63
2013-02-27,92.76
2013-02-28,92.05
2013-03-01,90.68
2013-03-04,90.12
2013-03-05,90.82
2013-03-06,90.43
2013-03-07,91.56
2013-03-08,91.95
2013-03-11,92.06
2013-03-12,92.54
2013-03-13,92.52
2013-03-14,93.03
2013-03-15,93.524
2013-03-18,93.888
2013-03-19,92.376
2013-03-20,93.392
2013-03-21,92.45
2013-03-22,93.71
2013-03-25,94.81
2013-03-26,96.34
2013-03-27,96.58
2013-03-28,97.23
2013-04-01,97.07
2013-04-02,97.19
2013-04-03,94.45
2013-04-04,93.26
2013-04-05,92.7
2013-04-08,93.36
2013-04-09,94.2
2013-04-10,94.64
2013-04-11,93.51
2013-04-12,91.29
2013-04-15,88.71
2013-04-16,88.72
2013-04-17,86.738
2013-04-18,87.838
2013-04-19,88.166
2013-04-22,89.104
2013-04-23,89.18
2013-04-24,91.43
2013-04-25,93.64
2013-04-26,93.0
2013-04-29,94.5
2013-04-30,93.46
2013-05-01,91.03
2013-05-02,93.99
2013-05-03,95.61
2013-05-06,96.16
2013-05-07,95.62
2013-05-08,96.62
2013-05-09,96.39
2013-05-10,96.04
2013-05-13,95.17
2013-05-14,94.21
2013-05-15,94.3
2013-05-16,95.218
2013-05-17,96.128
2013-05-20,96.842
2013-05-21,96.176
2013-05-22,94.28
2013-05-23,94.25
2013-05-24,94.15
2013-05-28,95.01
2013-05-29,93.13
2013-05-30,93.61
2013-05-31,91.97
2013-06-03,93.45
2013-06-04,93.31
2013-06-05,93.74
2013-06-06,94.76
2013-06-07,96.03
2013-06-10,95.77
2013-06-11,95.38
2013-06-12,95.88
2013-06-13,96.69
2013-06-14,97.85
2013-06-17,97.822
2013-06-18,98.532
2013-06-19,98.384
2013-06-20,95.192
2013-06-21,93.69
2013-06-24,95.18
2013-06-25,95.32
2013-06-26,95.5
2013-06-27,97.05
2013-06-28,96.56
2013-07-01,97.99
2013-07-02,99.6
2013-07-03,101.24
2013-07-05,103.22
2013-07-08,103.14
2013-07-09,103.53
2013-07-10,106.52
2013-07-11,104.91
2013-07-12,105.95
2013-07-15,106.32
2013-07-16,106.0
2013-07-17,106.454
2013-07-18,107.948
2013-07-19,107.942
2013-07-22,106.934
2013-07-23,107.23
2013-07-24,105.39
2013-07-25,105.49
2013-07-26,104.7
2013-07-29,104.55
2013-07-30,103.08
2013-07-31,105.03
2013-08-01,107.89
2013-08-02,106.94
2013-08-05,106.56
2013-08-06,105.3
2013-08-07,104.37
2013-08-08,103.4
2013-08-09,105.97
2013-08-12,106.11
2013-08-13,106.83
2013-08-14,106.85
2013-08-15,107.302
2013-08-16,107.392
2013-08-19,106.956
2013-08-20,105.08
2013-08-21,103.85
2013-08-22,105.03
2013-08-23,106.42
2013-08-26,105.92
2013-08-27,109.01
2013-08-28,110.1
2013-08-29,108.8
2013-08-30,107.65
2013-09-03,108.54
2013-09-04,107.23
2013-09-05,108.37
2013-09-06,110.53
2013-09-09,109.52
2013-09-10,107.39
2013-09-11,107.56
2013-09-12,108.6
2013-09-13,108.21
2013-09-16,106.59
2013-09-17,105.3
2013-09-18,107.754
2013-09-19,106.072
2013-09-20,104.734
2013-09-23,103.59
2013-09-24,103.13
2013-09-25,102.66
2013-09-26,103.03
2013-09-27,102.87
2013-09-30,102.33
2013-10-01,102.04
2013-10-02,104.1
2013-10-03,103.31
2013-10-04,103.84
2013-10-07,103.03
2013-10-08,103.49
2013-10-09,101.61
2013-10-10,103.01
2013-10-11,102.02
2013-10-14,102.41
2013-10-15,101.21
2013-10-16,102.29
2013-10-17,100.71
2013-10-18,100.93
2013-10-21,99.496
2013-10-22,98.2
2013-10-23,96.86
2013-10-24,97.11
2013-10-25,97.85
2013-10-28,98.68
2013-10-29,98.2
2013-10-30,96.77
2013-10-31,96.38
2013-11-01,94.61
2013-11-04,94.62
2013-11-05,93.37
2013-11-06,94.8
2013-11-07,94.2
2013-11-08,94.6
2013-11-11,95.14
2013-11-12,93.04
2013-11-13,93.88
2013-11-14,93.76
2013-11-15,93.97
2013-11-18,93.29
2013-11-19,93.67
2013-11-20,93.746
2013-11-21,95.44
2013-11-22,94.84
2013-11-25,94.09
2013-11-26,93.68
2013-11-27,92.3
2013-11-29,92.72
2013-12-02,93.82
2013-12-03,96.04
2013-12-04,97.2
2013-12-05,97.38
2013-12-06,97.65
2013-12-09,97.34
2013-12-10,98.51
2013-12-11,97.44
2013-12-12,97.5
2013-12-13,96.6
2013-12-16,97.538
2013-12-17,97.32
2013-12-18,97.956
2013-12-19,98.986
2013-12-20,99.32
2013-12-23,98.91
2013-12-24,99.22
2013-12-26,99.55
2013-12-27,100.32
2013-12-30,99.29
2013-12-31,98.42
2014-01-02,95.44
2014-01-03,93.96
2014-01-06,93.43
2014-01-07,93.67
2014-01-08,92.33
2014-01-09,91.66
2014-01-10,92.72
2014-01-13,91.8
2014-01-14,92.59
2014-01-15,94.206
2014-01-16,94.016
2014-01-17,94.502
2014-01-21,94.974
2014-01-22,96.73
2014-01-23,97.32
2014-01-24,96.64
2014-01-27,95.72
2014-01-28,97.41
2014-01-29,97.36
2014-01-30,98.23
2014-01-31,97.49
2014-02-03,96.43
2014-02-04,97.19
2014-02-05,97.38
2014-02-06,97.84
2014-02-07,99.88
2014-02-10,100.06
2014-02-11,99.94
2014-02-12,100.37
2014-02-13,100.35
2014-02-14,100.266
2014-02-18,102.298
2014-02-19,103.028
2014-02-20,102.784
2014-02-21,102.2
2014-02-24,102.82
2014-02-25,101.83
2014-02-26,102.59
2014-02-27,102.4
2014-02-28,102.59
2014-03-03,104.92
2014-03-04,103.33
2014-03-05,101.45
2014-03-06,101.56
2014-03-07,102.58
2014-03-10,101.12
2014-03-11,100.03
2014-03-12,97.99
2014-03-13,98.2
2014-03-14,98.89
2014-03-17,97.988
2014-03-18,99.372
2014-03-19,99.65
2014-03-20,99.006
2014-03-21,99.46
2014-03-24,99.6
2014-03-25,99.19
2014-03-26,100.26
2014-03-27,101.28
2014-03-28,101.67
2014-03-31,101.58
2014-04-01,99.74
2014-04-02,99.62
2014-04-03,100.29
2014-04-04,101.14
2014-04-07,100.44
2014-04-08,102.56
2014-04-09,103.6
2014-04-10,103.4
2014-04-11,103.74
2014-04-14,104.05
2014-04-15,103.75
2014-04-16,103.614
2014-04-17,103.928
2014-04-21,103.938
2014-04-22,101.826
2014-04-23,101.44
2014-04-24,101.94
2014-04-25,100.6
2014-04-28,100.84
2014-04-29,101.28
2014-04-30,99.74
2014-05-01,99.42
2014-05-02,99.76
2014-05-05,99.48
2014-05-06,99.5
2014-05-07,100.77
2014-05-08,100.26
2014-05-09,99.99
2014-05-12,100.59
2014-05-13,101.7
2014-05-14,102.37
2014-05-15,101.426
2014-05-16,101.844
2014-05-19,102.31
2014-05-20,102.352
2014-05-21,104.07
2014-05-22,103.74
2014-05-23,104.35
2014-05-27,104.11
2014-05-28,102.72
2014-05-29,103.58
2014-05-30,102.71
2014-06-02,102.47
2014-06-03,102.66
2014-06-04,102.64
2014-06-05,102.48
2014-06-06,102.66
2014-06-09,104.41
2014-06-10,104.35
2014-06-11,104.4
2014-06-12,106.53
2014-06-13,106.91
2014-06-16,106.9
2014-06-17,106.262
2014-06-18,105.818
2014-06-19,106.202
2014-06-20,106.916
2014-06-23,106.17
2014-06-24,106.03
2014-06-25,106.5
2014-06-26,105.84
2014-06-27,105.74
2014-06-30,105.37
2014-07-01,105.34
2014-07-02,104.48
2014-07-03,104.06
2014-07-07,103.53
2014-07-08,103.4
2014-07-09,102.29
2014-07-10,102.93
2014-07-11,100.83
2014-07-14,100.91
2014-07-15,99.96
2014-07-16,101.2
2014-07-17,102.992
2014-07-18,102.658
2014-07-21,103.552
2014-07-22,102.796
2014-07-23,103.12
2014-07-24,102.07
2014-07-25,102.09
2014-07-28,101.67
2014-07-29,100.97
2014-07-30,100.27
2014-07-31,98.17
2014-08-01,97.88
2014-08-04,98.29
2014-08-05,97.38
2014-08-06,96.92
2014-08-07,97.34
2014-08-08,97.65
2014-08-11,98.08
2014-08-12,97.37
2014-08-13,97.59
2014-08-14,95.58
2014-08-15,96.944
2014-08-18,95.346
2014-08-19,93.508
2014-08-20,93.974
2014-08-21,93.96
2014-08-22,93.65
2014-08-25,93.35
2014-08-26,93.86
2014-08-27,93.88
2014-08-28,94.55
2014-08-29,95.96
2014-09-02,92.88
2014-09-03,95.54
2014-09-04,94.45
2014-09-05,93.29
2014-09-08,92.66
2014-09-09,92.75
2014-09-10,91.67
2014-09-11,92.83
2014-09-12,92.27
2014-09-15,92.92
2014-09-16,94.88
2014-09-17,94.176
2014-09-18,92.634
2014-09-19,91.954
2014-09-22,91.0
2014-09-23,91.56
2014-09-24,92.8
2014-09-25,92.53
2014-09-26,93.54
2014-09-29,94.57
2014-09-30,91.16
2014-10-01,90.73
2014-10-02,91.01
2014-10-03,89.74
2014-10-06,90.34
2014-10-07,88.85
2014-10-08,87.31
2014-10-09,85.77
2014-10-10,85.82
2014-10-13,85.74
2014-10-14,81.84
2014-10-15,81.78
2014-10-16,82.55
2014-10-17,82.47399999999998
2014-10-20,82.23
2014-10-21,82.554
2014-10-22,80.52
2014-10-23,82.09
2014-10-24,81.01
2014-10-27,81.0
2014-10-28,81.42
2014-10-29,82.2
2014-10-30,81.12
2014-10-31,80.54
2014-11-03,78.78
2014-11-04,77.19
2014-11-05,78.68
2014-11-06,77.91
2014-11-07,78.65
2014-11-10,77.4
2014-11-11,77.94
2014-11-12,77.18
2014-11-13,74.21
2014-11-14,75.82
2014-11-17,75.64399999999998
2014-11-18,74.622
2014-11-19,74.532
2014-11-20,75.796
2014-11-21,76.51
2014-11-24,75.78
2014-11-25,74.09
2014-11-26,73.69
2014-11-28,66.15
2014-12-01,69.0
2014-12-02,66.88
2014-12-03,67.38
2014-12-04,66.81
2014-12-05,65.84
2014-12-08,63.05
2014-12-09,63.82
2014-12-10,60.94
2014-12-11,59.95
2014-12-12,57.81
2014-12-15,55.91
2014-12-16,55.996
2014-12-17,56.598
2014-12-18,54.26
2014-12-19,57.008
2014-12-22,55.26
2014-12-23,57.12
2014-12-24,55.84
2014-12-26,54.73
2014-12-29,53.61
2014-12-30,54.12
2014-12-31,53.27
2015-01-02,52.69
2015-01-05,50.04
2015-01-06,47.93
2015-01-07,48.65
2015-01-08,48.79
2015-01-09,48.36
2015-01-12,46.07
2015-01-13,45.89
2015-01-14,48.576
2015-01-15,46.442
2015-01-16,48.95399999999999
2015-01-20,46.45399999999999
2015-01-21,47.78
2015-01-22,46.31
2015-01-23,45.59
2015-01-26,45.15
2015-01-27,46.23
2015-01-28,44.45
2015-01-29,44.53
2015-01-30,48.24
2015-02-02,49.57
2015-02-03,53.05
2015-02-04,48.45
2015-02-05,50.48
2015-02-06,51.69
2015-02-09,52.86
2015-02-10,50.02
2015-02-11,48.84
2015-02-12,51.21
2015-02-13,52.78
2015-02-17,53.682
2015-02-18,52.412
2015-02-19,51.562
2015-02-20,50.716
2015-02-23,49.45
2015-02-24,49.28
2015-02-25,50.99
2015-02-26,48.17
2015-02-27,49.76
2015-03-02,49.59
2015-03-03,50.52
2015-03-04,51.53
2015-03-05,50.76
2015-03-06,49.61
2015-03-09,50.0
2015-03-10,48.29
2015-03-11,48.17
2015-03-12,47.05
2015-03-13,44.84
2015-03-16,43.88
2015-03-17,43.806
2015-03-18,45.456
2015-03-19,44.902
2015-03-20,46.4
2015-03-23,47.45
2015-03-24,47.51
2015-03-25,49.21
2015-03-26,51.43
2015-03-27,48.87
2015-03-30,48.68
2015-03-31,47.6
2015-04-01,50.09
2015-04-02,49.14
2015-04-06,52.14
2015-04-07,53.98
2015-04-08,50.42
2015-04-09,50.79
2015-04-10,51.64
2015-04-13,51.91
2015-04-14,53.29
2015-04-15,56.39
2015-04-16,56.99
2015-04-17,56.372
2015-04-20,57.28
2015-04-21,56.34
2015-04-22,56.16
2015-04-23,57.74
2015-04-24,57.15
2015-04-27,56.99
2015-04-28,57.06
2015-04-29,58.58
2015-04-30,59.63
2015-05-01,59.15
2015-05-04,58.93
2015-05-05,60.4
2015-05-06,60.93
2015-05-07,58.94
2015-05-08,59.39
2015-05-11,59.25
2015-05-12,60.75
2015-05-13,60.5
2015-05-14,60.072
2015-05-15,60.03
2015-05-18,59.916
2015-05-19,57.844
2015-05-20,58.98
2015-05-21,60.72
2015-05-22,59.72
2015-05-26,58.03
2015-05-27,57.51
2015-05-28,57.68
2015-05-29,60.3
2015-06-01,60.2
2015-06-02,61.26
2015-06-03,59.64
2015-06-04,58.0
2015-06-05,59.13
2015-06-08,58.14
2015-06-09,60.14
2015-06-10,61.43
2015-06-11,60.77
2015-06-12,59.96
2015-06-15,59.52
2015-06-16,59.97
2015-06-17,60.002
2015-06-18,60.598
2015-06-19,59.826
2015-06-22,60.24
2015-06-23,61.01
2015-06-24,60.27
2015-06-25,59.7
2015-06-26,59.63
2015-06-29,58.33
2015-06-30,59.47
2015-07-01,56.96
2015-07-02,56.93
2015-07-06,52.53
2015-07-07,52.33
2015-07-08,51.65
2015-07-09,52.78
2015-07-10,52.74
2015-07-13,52.2
2015-07-14,53.04
2015-07-15,51.41
2015-07-16,50.976000000000006
2015-07-17,51.018
2015-07-20,50.324
2015-07-21,50.76
2015-07-22,49.19
2015-07-23,48.45
2015-07-24,48.14
2015-07-27,47.39
2015-07-28,47.98
2015-07-29,48.79
2015-07-30,48.52
2015-07-31,47.12
2015-08-03,45.17
2015-08-04,45.74
2015-08-05,45.15
2015-08-06,44.66
2015-08-07,43.87
2015-08-10,44.96
2015-08-11,43.08
2015-08-12,43.3
2015-08-13,42.23
2015-08-14,42.5
2015-08-17,41.978
2015-08-18,42.82
2015-08-19,41.082
2015-08-20,41.284
2015-08-21,40.45
2015-08-24,38.24
2015-08-25,39.31
2015-08-26,38.6
2015-08-27,42.56
2015-08-28,45.22
2015-08-31,49.2
2015-09-01,45.41
2015-09-02,46.25
2015-09-03,46.75
2015-09-04,46.05
2015-09-08,45.94
2015-09-09,44.15
2015-09-10,45.92
2015-09-11,44.63
2015-09-14,44.0
2015-09-15,44.59
2015-09-16,47.15
2015-09-17,46.96
2015-09-18,44.816
2015-09-21,46.848
2015-09-22,46.254
2015-09-23,44.48
2015-09-24,44.91
2015-09-25,45.7
2015-09-28,44.43
2015-09-29,45.23
2015-09-30,45.09
2015-10-01,44.74
2015-10-02,45.54
2015-10-05,46.26
2015-10-06,48.53
2015-10-07,47.81
2015-10-08,49.43
2015-10-09,49.63
2015-10-12,47.1
2015-10-13,46.66
2015-10-14,46.64
2015-10-15,46.478
2015-10-16,47.444
2015-10-19,46.124
2015-10-20,46.142
2015-10-21,45.2
2015-10-22,45.38
2015-10-23,44.6
2015-10-26,43.98
2015-10-27,43.2
2015-10-28,45.94
2015-10-29,46.06
2015-10-30,46.59
2015-11-02,46.14
2015-11-03,47.9
2015-11-04,46.32
2015-11-05,45.2
2015-11-06,44.29
2015-11-09,43.87
2015-11-10,44.21
2015-11-11,42.93
2015-11-12,41.75
2015-11-13,40.74
2015-11-16,41.74
2015-11-17,40.878
2015-11-18,41.23
2015-11-19,41.24800000000001
2015-11-20,41.598
2015-11-23,41.75
2015-11-24,42.87
2015-11-25,43.04
2015-11-27,41.71
2015-11-30,41.65
2015-12-01,41.85
2015-12-02,39.94
2015-12-03,41.08
2015-12-04,39.97
2015-12-07,37.65
2015-12-08,37.51
2015-12-09,37.16
2015-12-10,36.76
2015-12-11,35.62
2015-12-14,36.31
2015-12-15,37.35
2015-12-16,35.766
2015-12-17,35.478
2015-12-18,35.528
2015-12-21,35.596
2015-12-22,36.14
2015-12-23,37.5
2015-12-24,38.1
2015-12-28,36.81
2015-12-29,37.87
2015-12-30,36.6
2015-12-31,37.04
2016-01-04,36.76
2016-01-05,35.97
2016-01-06,33.97
2016-01-07,33.27
2016-01-08,33.16
2016-01-11,31.41
2016-01-12,30.44
2016-01-13,30.48
2016-01-14,31.382
2016-01-15,29.808000000000003
2016-01-19,29.126
2016-01-20,27.99
2016-01-21,29.53
2016-01-22,32.19
2016-01-25,30.34
2016-01-26,31.45
2016-01-27,32.3
2016-01-28,33.22
2016-01-29,33.62
2016-02-01,31.62
2016-02-02,29.88
2016-02-03,32.28
2016-02-04,31.72
2016-02-05,30.89
2016-02-08,29.69
2016-02-09,27.94
2016-02-10,27.45
2016-02-11,26.21
2016-02-12,29.44
2016-02-16,29.04
2016-02-17,31.124
2016-02-18,31.634
2016-02-19,30.906
2016-02-22,33.008
2016-02-23,31.87
2016-02-24,32.15
2016-02-25,33.07
2016-02-26,32.78
2016-02-29,33.75
2016-03-01,34.4
2016-03-02,34.66
2016-03-03,34.57
2016-03-04,35.92
2016-03-07,37.9
2016-03-08,36.5
2016-03-09,38.29
2016-03-10,37.84
2016-03-11,38.5
2016-03-14,37.18
2016-03-15,36.34
2016-03-16,38.768
2016-03-17,40.784
2016-03-18,40.46
2016-03-21,41.198
2016-03-22,41.45
2016-03-23,39.79
2016-03-24,39.46
2016-03-28,39.39
2016-03-29,38.28
2016-03-30,38.32
2016-03-31,38.34
2016-04-01,36.79
2016-04-04,35.7
2016-04-05,35.89
2016-04-06,37.75
2016-04-07,37.26
2016-04-08,39.72
2016-04-11,40.36
2016-04-12,42.17
2016-04-13,41.76
2016-04-14,41.5
2016-04-15,40.63
2016-04-18,40.344
2016-04-19,41.914
2016-04-20,43.87
2016-04-21,43.18
2016-04-22,43.73
2016-04-25,42.64
2016-04-26,44.04
2016-04-27,45.33
2016-04-28,46.03
2016-04-29,45.92
2016-05-02,44.78
2016-05-03,43.65
2016-05-04,43.78
2016-05-05,44.32
2016-05-06,44.66
2016-05-09,43.44
2016-05-10,44.66
2016-05-11,46.23
2016-05-12,46.7
2016-05-13,46.21
2016-05-16,47.72
2016-05-17,48.44600000000001
2016-05-18,48.426
2016-05-19,48.466
2016-05-20,48.278
2016-05-23,48.08
2016-05-24,48.62
2016-05-25,49.56
2016-05-26,49.48
2016-05-27,49.33
2016-05-31,49.1
2016-06-01,49.01
2016-06-02,49.17
2016-06-03,48.62
2016-06-06,49.69
2016-06-07,50.36
2016-06-08,51.23
2016-06-09,50.56
2016-06-10,49.07
2016-06-13,48.88
2016-06-14,48.49
2016-06-15,48.01
2016-06-16,46.316
2016-06-17,48.212
2016-06-20,49.724
2016-06-21,49.65
2016-06-22,49.13
2016-06-23,50.11
2016-06-24,47.64
2016-06-27,46.33
2016-06-28,47.85
2016-06-29,49.88
2016-06-30,48.33
2016-07-01,48.99
2016-07-05,46.6
2016-07-06,47.43
2016-07-07,45.14
2016-07-08,45.41
2016-07-11,44.76
2016-07-12,46.8
2016-07-13,44.75
2016-07-14,45.68
2016-07-15,46.09
2016-07-18,45.52
2016-07-19,45.13
2016-07-20,45.588
2016-07-21,44.75
2016-07-22,44.19
2016-07-25,43.13
2016-07-26,42.92
2016-07-27,41.92
2016-07-28,41.14
2016-07-29,41.6
2016-08-01,40.06
2016-08-02,39.51
2016-08-03,40.83
2016-08-04,41.93
2016-08-05,41.8
2016-08-08,43.02
2016-08-09,42.77
2016-08-10,41.71
2016-08-11,43.49
2016-08-12,44.49
2016-08-15,45.74
2016-08-16,46.58
2016-08-17,46.93600000000001
2016-08-18,48.488
2016-08-19,48.874
2016-08-22,47.338
2016-08-23,48.1
2016-08-24,46.77
2016-08-25,47.33
2016-08-26,47.64
2016-08-29,46.98
2016-08-30,46.35
2016-08-31,44.7
2016-09-01,43.16
2016-09-02,44.44
2016-09-06,44.83
2016-09-07,45.5
2016-09-08,47.62
2016-09-09,45.88
2016-09-12,46.29
2016-09-13,44.9
2016-09-14,43.58
2016-09-15,44.032
2016-09-16,43.26600000000001
2016-09-19,43.636
2016-09-20,43.928
2016-09-21,45.34
2016-09-22,46.32
2016-09-23,44.48
2016-09-26,45.93
2016-09-27,44.67
2016-09-28,47.05
2016-09-29,47.83
2016-09-30,48.24
2016-10-03,48.81
2016-10-04,48.69
2016-10-05,49.83
2016-10-06,50.44
2016-10-07,49.81
2016-10-10,51.35
2016-10-11,50.79
2016-10-12,50.18
2016-10-13,50.44
2016-10-14,50.35
2016-10-17,50.026
2016-10-18,50.422
2016-10-19,51.732
2016-10-20,50.59
2016-10-21,50.85
2016-10-24,50.52
2016-10-25,49.96
2016-10-26,49.18
2016-10-27,49.72
2016-10-28,48.7
2016-10-31,46.86
2016-11-01,46.67
2016-11-02,45.34
2016-11-03,44.66
2016-11-04,44.07
2016-11-07,44.89
2016-11-08,44.98
2016-11-09,45.27
2016-11-10,44.66
2016-11-11,43.41
2016-11-14,43.32
2016-11-15,45.81
2016-11-16,45.676
2016-11-17,45.644
2016-11-18,46.092
2016-11-21,48.09
2016-11-22,48.03
2016-11-23,47.96
2016-11-25,46.06
2016-11-28,47.08
2016-11-29,45.23
2016-11-30,49.44
2016-12-01,51.06
2016-12-02,51.68
2016-12-05,51.79
2016-12-06,50.93
2016-12-07,49.77
2016-12-08,50.84
2016-12-09,51.5
2016-12-12,52.83
2016-12-13,52.98
2016-12-14,51.04
2016-12-15,51.114
2016-12-16,52.32
2016-12-19,52.684
2016-12-20,53.08600000000001
2016-12-21,52.49
2016-12-22,52.95
2016-12-23,53.02
2016-12-27,53.9
2016-12-28,54.06
2016-12-29,53.77
2016-12-30,53.72
2017-01-03,52.33
2017-01-04,53.26
2017-01-05,53.76
2017-01-06,53.99
2017-01-09,51.96
2017-01-10,50.82
2017-01-11,52.25
2017-01-12,53.01
2017-01-13,52.37
2017-01-17,52.636
2017-01-18,51.404
2017-01-19,51.82
2017-01-20,53.06
2017-01-23,52.75
2017-01-24,53.18
2017-01-25,52.75
2017-01-26,53.78
2017-01-27,53.17
2017-01-30,52.63
2017-01-31,52.81
2017-02-01,53.88
2017-02-02,53.54
2017-02-03,53.83
2017-02-06,53.01
2017-02-07,52.17
2017-02-08,52.34
2017-02-09,53.0
2017-02-10,53.86
2017-02-13,52.93
2017-02-14,53.2
2017-02-15,53.208
2017-02-16,53.51600000000001
2017-02-17,53.628
2017-02-21,54.276
2017-02-22,53.59
2017-02-23,54.45
2017-02-24,53.99
2017-02-27,54.05
2017-02-28,54.01
2017-03-01,53.83
2017-03-02,52.61
2017-03-03,53.33
2017-03-06,53.2
2017-03-07,53.14
2017-03-08,50.28
2017-03-09,49.28
2017-03-10,48.49
2017-03-13,48.4
2017-03-14,47.72
2017-03-15,48.86
2017-03-16,48.848
2017-03-17,48.992
2017-03-20,48.63399999999999
2017-03-21,48.06
2017-03-22,48.04
2017-03-23,47.7
2017-03-24,47.97
2017-03-27,47.73
2017-03-28,48.37
2017-03-29,49.51
2017-03-30,50.35
2017-03-31,50.6
2017-04-03,50.24
2017-04-04,51.03
2017-04-05,51.15
2017-04-06,51.7
2017-04-07,52.24
2017-04-10,53.08
2017-04-11,53.4
2017-04-12,53.11
2017-04-13,53.18
2017-04-17,52.742
2017-04-18,52.58600000000001
2017-04-19,50.68600000000001
2017-04-20,50.622
2017-04-21,49.62
2017-04-24,49.23
2017-04-25,49.56
2017-04-26,49.62
2017-04-27,48.97
2017-04-28,49.33
2017-05-01,48.84
2017-05-02,47.66
2017-05-03,47.82
2017-05-04,45.52
2017-05-05,46.22
2017-05-08,46.43
2017-05-09,45.88
2017-05-10,47.33
2017-05-11,47.83
2017-05-12,47.84
2017-05-15,48.85
2017-05-16,48.66
2017-05-17,49.13800000000001
2017-05-18,49.474
2017-05-19,50.534
2017-05-22,51.05
2017-05-23,51.47
2017-05-24,51.36
2017-05-25,48.9
2017-05-26,49.8
2017-05-30,49.66
2017-05-31,48.32
2017-06-01,48.36
2017-06-02,47.66
2017-06-05,47.4
2017-06-06,48.19
2017-06-07,45.72
2017-06-08,45.64
2017-06-09,45.83
2017-06-12,46.08
2017-06-13,46.46
2017-06-14,44.73
2017-06-15,44.504
2017-06-16,44.832
2017-06-19,44.338
2017-06-20,43.45399999999999
2017-06-21,42.53
2017-06-22,42.74
2017-06-23,43.01
2017-06-26,43.38
2017-06-27,44.24
2017-06-28,44.74
2017-06-29,44.93
2017-06-30,46.04
2017-07-03,47.07
2017-07-05,45.13
2017-07-06,45.52
2017-07-07,44.23
2017-07-10,44.4
2017-07-11,45.04
2017-07-12,45.49
2017-07-13,46.08
2017-07-14,46.54
2017-07-17,46.062
2017-07-18,46.476000000000006
2017-07-19,47.24
2017-07-20,46.894
2017-07-21,45.77
2017-07-24,46.34
2017-07-25,47.89
2017-07-26,48.75
2017-07-27,49.04
2017-07-28,49.71
2017-07-31,50.17
2017-08-01,49.16
2017-08-02,49.59
2017-08-03,49.03
2017-08-04,49.58
2017-08-07,49.39
2017-08-08,49.17
2017-08-09,49.56
2017-08-10,48.59
2017-08-11,48.82
2017-08-14,47.59
2017-08-15,47.55
2017-08-16,46.78
2017-08-17,47.12
2017-08-18,48.57
2017-08-21,47.466
2017-08-22,47.792
2017-08-23,48.41
2017-08-24,47.43
2017-08-25,47.87
2017-08-28,46.57
2017-08-29,46.44
2017-08-30,45.96
2017-08-31,47.23
2017-09-01,47.29
2017-09-05,48.66
2017-09-06,49.16
2017-09-07,49.09
2017-09-08,47.48
2017-09-11,48.07
2017-09-12,48.23
2017-09-13,49.3
2017-09-14,49.89
2017-09-15,50.0
2017-09-18,50.08600000000001
2017-09-19,49.732
2017-09-20,50.63399999999999
2017-09-21,50.55
2017-09-22,50.66
2017-09-25,52.22
2017-09-26,51.88
2017-09-27,52.14
2017-09-28,51.56
2017-09-29,51.67
2017-10-02,50.58
2017-10-03,50.42
2017-10-04,49.98
2017-10-05,50.79
2017-10-06,49.29
2017-10-09,49.58
2017-10-10,50.92
2017-10-11,51.3
2017-10-12,50.6
2017-10-13,51.45
2017-10-16,51.87
2017-10-17,51.926
2017-10-18,52.128
2017-10-19,51.422
2017-10-20,51.76600000000001
2017-10-23,51.9
2017-10-24,52.47
2017-10-25,52.18
2017-10-26,52.64
2017-10-27,53.9
2017-10-30,54.15
2017-10-31,54.38
2017-11-01,54.3
2017-11-02,54.54
2017-11-03,55.64
2017-11-06,57.35
2017-11-07,57.2
2017-11-08,56.81
2017-11-09,57.17
2017-11-10,56.74
2017-11-13,56.76
2017-11-14,55.7
2017-11-15,55.368
2017-11-16,55.224
2017-11-17,56.646
2017-11-20,56.354
2017-11-21,56.83
2017-11-22,58.02
2017-11-24,58.95
2017-11-27,58.11
2017-11-28,57.99
2017-11-29,57.3
2017-11-30,57.4
2017-12-01,58.36
2017-12-04,57.47
2017-12-05,57.62
2017-12-06,55.96
2017-12-07,56.69
2017-12-08,57.36
2017-12-11,57.99
2017-12-12,57.14
2017-12-13,56.6
2017-12-14,57.048
2017-12-15,57.312
2017-12-18,57.19600000000001
2017-12-19,57.54
2017-12-20,58.09
2017-12-21,58.36
2017-12-22,58.47
2017-12-26,59.97
2017-12-27,59.64
2017-12-28,59.84
2017-12-29,60.42
2018-01-02,60.37
2018-01-03,61.63
2018-01-04,62.01
2018-01-05,61.44
2018-01-08,61.73
2018-01-09,62.96
2018-01-10,63.57
2018-01-11,63.8
2018-01-12,64.3
2018-01-16,63.73
2018-01-17,63.96
2018-01-18,63.926
2018-01-19,63.334
2018-01-22,63.554
2018-01-23,64.47
2018-01-24,65.61
2018-01-25,65.51
2018-01-26,66.14
2018-01-29,65.56
2018-01-30,64.5
2018-01-31,64.73
2018-02-01,65.8
2018-02-02,65.45
2018-02-05,64.15
2018-02-06,63.39
2018-02-07,61.79
2018-02-08,61.15
2018-02-09,59.2
2018-02-12,59.29
2018-02-13,59.19
2018-02-14,60.582
2018-02-15,61.272
2018-02-16,61.602
2018-02-20,61.812
2018-02-21,61.68
2018-02-22,62.77
2018-02-23,63.55
2018-02-26,63.91
2018-02-27,63.01
2018-02-28,61.64
2018-03-01,60.99
2018-03-02,61.25
2018-03-05,62.57
2018-03-06,62.6
2018-03-07,61.15
2018-03-08,60.12
2018-03-09,62.04
2018-03-12,61.36
2018-03-13,60.71
2018-03-14,60.96
2018-03-15,61.202
2018-03-16,62.368
2018-03-19,62.102
2018-03-20,63.512
2018-03-21,65.17
2018-03-22,64.3
2018-03-23,65.88
2018-03-26,65.55
2018-03-27,65.25
2018-03-28,64.38
2018-03-29,64.94
2018-04-02,63.01
2018-04-03,63.51
2018-04-04,63.37
2018-04-05,63.54
2018-04-06,62.06
2018-04-09,63.42
2018-04-10,65.51
2018-04-11,66.82
2018-04-12,67.07
2018-04-13,67.39
2018-04-16,66.22
2018-04-17,66.518
2018-04-18,68.47
2018-04-19,68.314
2018-04-20,68.396
2018-04-23,68.64
2018-04-24,67.7
2018-04-25,68.05
2018-04-26,68.19
2018-04-27,68.1
2018-04-30,68.57
2018-05-01,67.25
2018-05-02,67.93
2018-05-03,68.43
2018-05-04,69.72
2018-05-07,70.73
2018-05-08,69.06
2018-05-09,71.14
2018-05-10,71.36
2018-05-11,70.7
2018-05-14,70.96
2018-05-15,71.31
2018-05-16,71.49
2018-05-17,71.506
2018-05-18,71.316
2018-05-21,72.306
2018-05-22,72.186
2018-05-23,71.84
2018-05-24,70.71
2018-05-25,67.88
2018-05-29,66.73
2018-05-30,68.21
2018-05-31,67.04
2018-06-01,65.81
2018-06-04,64.75
2018-06-05,65.52
2018-06-06,64.73
2018-06-07,65.95
2018-06-08,65.74
2018-06-11,66.1
2018-06-12,66.36
2018-06-13,66.64
2018-06-14,66.89
2018-06-15,65.018
2018-06-18,65.786
2018-06-19,64.968
2018-06-20,65.812
2018-06-21,65.54
2018-06-22,68.58
2018-06-25,68.08
2018-06-26,70.53
2018-06-27,72.76
2018-06-28,73.45
2018-06-29,74.15
2018-07-02,73.94
2018-07-03,74.14
2018-07-05,72.94
2018-07-06,73.8
2018-07-09,73.85
2018-07-10,74.11
2018-07-11,70.38
2018-07-12,70.33
2018-07-13,71.01
2018-07-16,68.06
2018-07-17,67.896
2018-07-18,68.35600000000001
2018-07-19,68.72800000000001
2018-07-20,68.7
2018-07-23,67.89
2018-07-24,68.52
2018-07-25,69.3
2018-07-26,69.61
2018-07-27,68.69
2018-07-30,70.13
2018-07-31,68.76
2018-08-01,67.66
2018-08-02,68.96
2018-08-03,68.49
2018-08-06,69.01
2018-08-07,69.17
2018-08-08,66.94
2018-08-09,66.81
2018-08-10,67.63
2018-08-13,67.2
2018-08-14,67.04
2018-08-15,65.01
2018-08-16,65.344
2018-08-17,65.63
2018-08-20,65.824
2018-08-21,66.142
2018-08-22,67.86
2018-08-23,67.83
2018-08-24,68.72
2018-08-27,68.87
2018-08-28,68.53
2018-08-29,69.51
2018-08-30,70.25
2018-08-31,69.8
2018-09-04,69.87
2018-09-05,68.72
2018-09-06,67.77
2018-09-07,67.75
2018-09-10,67.54
2018-09-11,69.25
2018-09-12,70.37
2018-09-13,68.59
2018-09-14,68.99
2018-09-17,68.86399999999999
2018-09-18,69.74600000000001
2018-09-19,70.91
2018-09-20,70.416
2018-09-21,70.78
2018-09-24,72.08
2018-09-25,72.28
2018-09-26,71.57
2018-09-27,72.12
2018-09-28,73.25
2018-10-01,75.3
2018-10-02,75.23
2018-10-03,76.41
2018-10-04,74.33
2018-10-05,74.34
2018-10-08,74.29
2018-10-09,74.96
2018-10-10,73.17
2018-10-11,70.97
2018-10-12,71.34
2018-10-15,71.78
2018-10-16,71.92
2018-10-17,69.74
2018-10-18,68.67399999999999
2018-10-19,69.21600000000001
2018-10-22,69.322
2018-10-23,66.43
2018-10-24,66.82
2018-10-25,67.33
2018-10-26,67.59
2018-10-29,67.04
2018-10-30,66.18
2018-10-31,65.31
2018-11-01,63.69
2018-11-02,63.14
2018-11-05,63.1
2018-11-06,62.21
2018-11-07,61.67
2018-11-08,60.67
2018-11-09,60.19
2018-11-12,59.93
2018-11-13,55.69
2018-11-14,56.288
2018-11-15,56.548
2018-11-16,56.592
2018-11-19,57.112
2018-11-20,53.43
2018-11-21,54.63
2018-11-23,50.42
2018-11-26,51.63
2018-11-27,51.56
2018-11-28,50.29
2018-11-29,51.45
2018-11-30,50.93
2018-12-03,52.95
2018-12-04,53.25
2018-12-05,52.89
2018-12-06,51.49
2018-12-07,52.61
2018-12-10,51.0
2018-12-11,51.65
2018-12-12,51.15
2018-12-13,52.58
2018-12-14,51.254
2018-12-17,50.008
2018-12-18,46.456
2018-12-19,47.976000000000006
2018-12-20,45.88
2018-12-21,45.59
2018-12-24,42.53
2018-12-26,46.22
2018-12-27,44.61
2018-12-28,45.33
2018-12-31,45.41
2019-01-02,46.54
2019-01-03,47.09
2019-01-04,47.96
2019-01-07,48.52
2019-01-08,49.78
2019-01-09,52.36
2019-01-10,52.59
2019-01-11,51.59
2019-01-14,50.51
2019-01-15,52.11
2019-01-16,52.37
2019-01-17,52.18600000000001
2019-01-18,53.944
2019-01-22,52.922
2019-01-23,52.62
2019-01-24,53.13
2019-01-25,53.69
2019-01-28,51.99
2019-01-29,53.31
2019-01-30,54.23
2019-01-31,53.79
2019-02-01,55.26
2019-02-04,54.56
2019-02-05,53.66
2019-02-06,54.01
2019-02-07,52.64
2019-02-08,52.72
2019-02-11,52.41
2019-02-12,53.1
2019-02-13,53.9
2019-02-14,54.486
2019-02-15,55.746
2019-02-19,56.306
2019-02-20,57.112
2019-02-21,56.96
2019-02-22,57.26
2019-02-25,55.48
2019-02-26,55.5
2019-02-27,56.94
2019-02-28,57.22
2019-03-01,55.8
2019-03-04,56.59
2019-03-05,56.56
2019-03-06,56.22
2019-03-07,56.66
2019-03-08,56.07
2019-03-11,56.79
2019-03-12,56.87
2019-03-13,58.26
2019-03-14,58.61
2019-03-15,58.58
2019-03-18,59.206
2019-03-19,59.18600000000001
2019-03-20,60.15
2019-03-21,59.98
2019-03-22,59.04
2019-03-25,58.82
2019-03-26,59.94
2019-03-27,59.41
2019-03-28,59.3
2019-03-29,60.14
2019-04-01,61.59
2019-04-02,62.58
2019-04-03,62.46
2019-04-04,62.1
2019-04-05,63.08
2019-04-08,64.4
2019-04-09,63.98
2019-04-10,64.61
2019-04-11,63.58
2019-04-12,63.89
2019-04-15,63.4
2019-04-16,64.078
2019-04-17,63.804
2019-04-18,64.042
2019-04-22,65.58
2019-04-23,66.3
2019-04-24,65.89
2019-04-25,65.21
2019-04-26,63.3
2019-04-29,63.5
2019-04-30,63.91
2019-05-01,63.6
2019-05-02,61.81
2019-05-03,61.94
2019-05-06,62.25
2019-05-07,61.4
2019-05-08,62.12
2019-05-09,61.7
2019-05-10,61.66
2019-05-13,61.04
2019-05-14,61.78
2019-05-15,62.02
2019-05-16,62.908
2019-05-17,62.824
2019-05-20,63.166
2019-05-21,63.102
2019-05-22,61.42
2019-05-23,57.91
2019-05-24,58.63
2019-05-28,59.14
2019-05-29,58.81
2019-05-30,56.59
2019-05-31,53.5
2019-06-03,53.25
2019-06-04,53.48
2019-06-05,51.68
2019-06-06,52.59
2019-06-07,53.99
2019-06-10,53.26
2019-06-11,53.27
2019-06-12,51.14
2019-06-13,52.28
2019-06-14,52.51
2019-06-17,51.978
2019-06-18,53.984
2019-06-19,53.886
2019-06-20,56.986
2019-06-21,57.43
2019-06-24,57.9
2019-06-25,57.83
2019-06-26,59.38
2019-06-27,59.43
2019-06-28,58.47
2019-07-01,59.09
2019-07-02,56.25
2019-07-03,57.34
2019-07-05,57.51
2019-07-08,57.66
2019-07-09,57.83
2019-07-10,60.43
2019-07-11,60.2
2019-07-12,60.21
2019-07-15,59.58
2019-07-16,57.62
2019-07-17,56.808
2019-07-18,55.348
2019-07-19,55.708
2019-07-22,56.22
2019-07-23,56.77
2019-07-24,55.88
2019-07-25,56.02
2019-07-26,56.2
2019-07-29,56.87
2019-07-30,58.05
2019-07-31,58.58
2019-08-01,53.95
2019-08-02,55.66
2019-08-05,54.69
2019-08-06,53.63
2019-08-07,51.09
2019-08-08,52.54
2019-08-09,54.5
2019-08-12,54.93
2019-08-13,57.1
2019-08-14,55.23
2019-08-15,54.46
2019-08-16,54.846
2019-08-19,56.168
2019-08-20,56.172
2019-08-21,55.68
2019-08-22,55.35
2019-08-23,54.17
2019-08-26,53.64
2019-08-27,54.93
2019-08-28,55.78
2019-08-29,56.71
2019-08-30,55.1
2019-09-03,53.94
2019-09-04,56.26
2019-09-05,56.3
2019-09-06,56.52
2019-09-09,57.85
2019-09-10,57.4
2019-09-11,55.75
2019-09-12,55.09
2019-09-13,54.85
2019-09-16,62.9
2019-09-17,59.292
2019-09-18,58.082
2019-09-19,58.166
2019-09-20,58.09
2019-09-23,58.64
2019-09-24,57.29
2019-09-25,56.49
2019-09-26,56.41
2019-09-27,55.91
2019-09-30,54.07
2019-10-01,53.62
2019-10-02,52.64
2019-10-03,52.45
2019-10-04,52.81
2019-10-07,52.75
2019-10-08,52.63
2019-10-09,52.59
2019-10-10,53.55
2019-10-11,54.7
2019-10-14,53.59
2019-10-15,52.81
2019-10-16,53.36
2019-10-17,53.95
2019-10-18,53.816
2019-10-21,53.43
2019-10-22,54.416
2019-10-23,55.97
2019-10-24,56.23
2019-10-25,56.66
2019-10-28,55.81
2019-10-29,55.54
2019-10-30,55.06
2019-10-31,54.18
2019-11-01,56.2
2019-11-04,56.54
2019-11-05,57.23
2019-11-06,56.35
2019-11-07,57.15
2019-11-08,57.24
2019-11-11,56.86
2019-11-12,56.8
2019-11-13,57.12
2019-11-14,56.77
2019-11-15,57.742
2019-11-18,57.08600000000001
2019-11-19,55.294
2019-11-20,57.03
2019-11-21,58.58
2019-11-22,57.77
2019-11-25,58.01
2019-11-26,58.41
2019-11-27,58.11
2019-11-29,55.17
2019-12-02,55.96
2019-12-03,56.1
2019-12-04,58.43
2019-12-05,58.43
2019-12-06,59.2
2019-12-09,59.02
2019-12-10,59.24
2019-12-11,58.76
2019-12-12,59.18
2019-12-13,60.07
2019-12-16,60.19600000000001
2019-12-17,60.912
2019-12-18,60.882
2019-12-19,61.188
2019-12-20,60.44
2019-12-23,60.52
2019-12-24,61.11
2019-12-26,61.68
2019-12-27,61.72
2019-12-30,61.68
2019-12-31,61.06
2020-01-02,61.18
2020-01-03,63.05
2020-01-06,63.27
2020-01-07,62.7
2020-01-08,59.61
2020-01-09,59.56
2020-01-10,59.04
2020-01-13,58.08
2020-01-14,58.23
2020-01-15,57.816
2020-01-16,58.524
2020-01-17,58.56399999999999
2020-01-21,58.372
2020-01-22,56.74
2020-01-23,55.59
2020-01-24,54.19
2020-01-27,53.14
2020-01-28,53.48
2020-01-29,53.33
2020-01-30,52.14
2020-01-31,51.56
2020-02-03,50.11
2020-02-04,49.61
2020-02-05,50.75
2020-02-06,50.95
2020-02-07,50.32
2020-02-10,49.57
2020-02-11,49.94
2020-02-12,51.17
2020-02-13,51.42
2020-02-14,52.104
2020-02-18,52.146
2020-02-19,53.41
2020-02-20,53.86
2020-02-21,53.38
2020-02-24,51.43
2020-02-25,49.9
2020-02-26,48.73
2020-02-27,47.09
2020-02-28,44.76
2020-03-02,46.75
2020-03-03,47.18
2020-03-04,46.78
2020-03-05,45.9
2020-03-06,41.28
2020-03-09,31.13
2020-03-10,34.36
2020-03-11,32.98
2020-03-12,31.5
2020-03-13,31.73
2020-03-16,28.7
2020-03-17,27.026
2020-03-18,20.554
2020-03-19,25.634
2020-03-20,22.59
2020-03-23,23.36
2020-03-24,24.01
2020-03-25,24.49
2020-03-26,22.6
2020-03-27,21.51
2020-03-30,20.09
2020-03-31,20.48
2020-04-01,20.31
2020-04-02,25.32
2020-04-03,28.34
2020-04-06,26.08
2020-04-07,23.63
2020-04-08,25.09
2020-04-09,22.76
2020-04-13,22.41
2020-04-14,20.11
2020-04-15,19.87
2020-04-16,21.0
2020-04-17,20.97
2020-04-21,11.26
2020-04-22,13.78
2020-04-23,16.5
2020-04-24,16.94
2020-04-27,12.78
2020-04-28,12.34
2020-04-29,15.06
2020-04-30,18.84
2020-05-01,19.78
2020-05-04,20.39
2020-05-05,24.56
2020-05-06,23.99
2020-05-07,23.55
2020-05-08,24.74
2020-05-11,24.14
2020-05-12,25.78
2020-05-13,25.29
2020-05-14,27.62
2020-05-15,29.47
2020-05-18,31.72
2020-05-19,32.07
2020-05-20,33.49
2020-05-21,33.92
2020-05-22,33.25
2020-05-26,34.35
2020-05-27,32.81
2020-05-28,33.71
2020-05-29,35.49
2020-06-01,35.44
2020-06-02,36.81
2020-06-03,37.29
2020-06-04,37.41
2020-06-05,39.55
2020-06-08,38.51
=======
01/04/2010,84.87
05/04/2010,86.62
06/04/2010,86.84
07/04/2010,85.88
08/04/2010,85.39
09/04/2010,84.92
12/04/2010,84.34
13/04/2010,84.05
14/04/2010,85.84
15/04/2010,85.758
16/04/2010,83.81200000000003
19/04/2010,82.458
20/04/2010,83.77
21/04/2010,83.68
22/04/2010,83.7
23/04/2010,85.12
26/04/2010,84.2
27/04/2010,82.44
28/04/2010,83.22
29/04/2010,85.17
30/04/2010,86.15
03/05/2010,86.19
04/05/2010,82.74
05/05/2010,79.97
06/05/2010,77.11
07/05/2010,75.11
10/05/2010,76.8
11/05/2010,76.37
12/05/2010,75.65
13/05/2010,74.4
14/05/2010,71.61
17/05/2010,70.708
18/05/2010,70.726
19/05/2010,71.436
20/05/2010,70.242
21/05/2010,70.04
24/05/2010,70.21
25/05/2010,68.75
26/05/2010,71.51
27/05/2010,74.55
28/05/2010,73.97
01/06/2010,72.58
02/06/2010,72.86
03/06/2010,74.61
04/06/2010,71.51
07/06/2010,71.44
08/06/2010,71.99
09/06/2010,74.38
10/06/2010,75.48
11/06/2010,73.78
14/06/2010,75.12
15/06/2010,76.94
16/06/2010,77.67
17/06/2010,77.04
18/06/2010,77.612
21/06/2010,78.294
22/06/2010,77.722
23/06/2010,76.35
24/06/2010,76.51
25/06/2010,78.86
28/06/2010,78.25
29/06/2010,75.94
30/06/2010,75.63
01/07/2010,72.95
02/07/2010,72.14
06/07/2010,71.98
07/07/2010,74.07
08/07/2010,75.44
09/07/2010,76.09
12/07/2010,74.95
13/07/2010,77.15
14/07/2010,77.04
15/07/2010,76.69800000000002
16/07/2010,76.158
19/07/2010,76.756
20/07/2010,77.55199999999998
21/07/2010,76.56
22/07/2010,79.3
23/07/2010,78.98
26/07/2010,78.98
27/07/2010,77.5
28/07/2010,76.99
29/07/2010,78.36
30/07/2010,78.95
02/08/2010,81.34
03/08/2010,82.55
04/08/2010,82.47
05/08/2010,82.01
06/08/2010,80.7
09/08/2010,81.48
10/08/2010,80.25
11/08/2010,78.02
12/08/2010,75.74
13/08/2010,75.39
16/08/2010,75.24
17/08/2010,75.848
18/08/2010,75.564
19/08/2010,74.634
20/08/2010,73.748
23/08/2010,73.1
24/08/2010,71.63
25/08/2010,72.52
26/08/2010,73.36
27/08/2010,75.17
30/08/2010,74.7
31/08/2010,71.92
01/09/2010,73.91
02/09/2010,75.02
03/09/2010,74.6
07/09/2010,74.09
08/09/2010,74.67
09/09/2010,74.25
10/09/2010,76.45
13/09/2010,77.19
14/09/2010,76.8
15/09/2010,76.02
16/09/2010,74.57
17/09/2010,73.91199999999998
20/09/2010,75.392
21/09/2010,74.39
22/09/2010,74.408
23/09/2010,75.18
24/09/2010,76.49
27/09/2010,76.52
28/09/2010,76.18
29/09/2010,77.86
30/09/2010,79.97
01/10/2010,81.58
04/10/2010,81.47
05/10/2010,82.82
06/10/2010,83.23
07/10/2010,81.67
08/10/2010,82.66
11/10/2010,82.21
12/10/2010,81.67
13/10/2010,83.01
14/10/2010,82.69
15/10/2010,81.38600000000002
18/10/2010,83.368
19/10/2010,79.892
20/10/2010,82.38600000000002
21/10/2010,80.56
22/10/2010,81.69
25/10/2010,82.52
26/10/2010,82.55
27/10/2010,81.94
28/10/2010,82.18
29/10/2010,81.43
01/11/2010,82.95
02/11/2010,83.9
03/11/2010,84.69
04/11/2010,86.49
05/11/2010,86.85
08/11/2010,87.06
09/11/2010,86.72
10/11/2010,87.81
11/11/2010,87.81
12/11/2010,84.88
15/11/2010,84.86
16/11/2010,82.44
17/11/2010,80.68
18/11/2010,82.19200000000002
19/11/2010,81.88600000000002
22/11/2010,81.74
23/11/2010,81.25
24/11/2010,83.86
26/11/2010,83.76
29/11/2010,85.73
30/11/2010,84.11
01/12/2010,86.75
02/12/2010,88.0
03/12/2010,89.19
06/12/2010,89.38
07/12/2010,88.69
08/12/2010,88.28
09/12/2010,88.37
10/12/2010,87.79
13/12/2010,88.61
14/12/2010,88.28
15/12/2010,88.62
16/12/2010,87.84
17/12/2010,88.25200000000002
20/12/2010,89.146
21/12/2010,89.596
22/12/2010,90.48
23/12/2010,91.51
27/12/2010,91.0
28/12/2010,91.49
29/12/2010,91.12
30/12/2010,89.84
31/12/2010,91.38
03/01/2011,91.55
04/01/2011,89.38
05/01/2011,90.3
06/01/2011,88.38
07/01/2011,88.03
10/01/2011,89.25
11/01/2011,91.11
12/01/2011,91.86
13/01/2011,91.4
14/01/2011,91.746
18/01/2011,91.752
19/01/2011,91.43
20/01/2011,89.444
21/01/2011,89.11
24/01/2011,87.87
25/01/2011,86.19
26/01/2011,87.33
27/01/2011,85.64
28/01/2011,89.34
31/01/2011,92.19
01/02/2011,90.77
02/02/2011,90.86
03/02/2011,90.54
04/02/2011,89.03
07/02/2011,87.48
08/02/2011,86.94
09/02/2011,86.71
10/02/2011,86.73
11/02/2011,85.58
14/02/2011,84.81
15/02/2011,84.32
16/02/2011,85.56
17/02/2011,87.352
18/02/2011,88.306
22/02/2011,95.05
23/02/2011,98.1
24/02/2011,97.28
25/02/2011,97.88
28/02/2011,96.97
01/03/2011,99.63
02/03/2011,102.23
03/03/2011,101.91
04/03/2011,104.42
07/03/2011,105.44
08/03/2011,105.02
09/03/2011,104.38
10/03/2011,102.7
11/03/2011,101.16
14/03/2011,101.19
15/03/2011,97.18
16/03/2011,97.98
17/03/2011,101.614
18/03/2011,101.382
21/03/2011,102.786
22/03/2011,104.776
23/03/2011,105.75
24/03/2011,105.6
25/03/2011,105.4
28/03/2011,103.98
29/03/2011,104.79
30/03/2011,104.27
31/03/2011,106.72
01/04/2011,107.94
04/04/2011,108.47
05/04/2011,108.34
06/04/2011,108.83
07/04/2011,110.3
08/04/2011,112.79
11/04/2011,109.92
12/04/2011,106.25
13/04/2011,107.11
14/04/2011,108.228
15/04/2011,109.884
18/04/2011,107.462
19/04/2011,108.254
20/04/2011,111.45
21/04/2011,112.29
25/04/2011,112.28
26/04/2011,112.21
27/04/2011,112.76
28/04/2011,112.86
29/04/2011,113.93
02/05/2011,113.52
03/05/2011,111.05
04/05/2011,109.24
05/05/2011,99.8
06/05/2011,97.18
09/05/2011,102.55
10/05/2011,103.88
11/05/2011,98.21
12/05/2011,98.97
13/05/2011,99.65
16/05/2011,97.37
17/05/2011,97.014
18/05/2011,100.284
19/05/2011,98.734
20/05/2011,99.978
23/05/2011,97.7
24/05/2011,99.59
25/05/2011,101.32
26/05/2011,100.23
27/05/2011,100.59
31/05/2011,102.7
01/06/2011,100.29
02/06/2011,100.4
03/06/2011,100.22
06/06/2011,99.01
07/06/2011,99.09
08/06/2011,100.74
09/06/2011,101.93
10/06/2011,99.29
13/06/2011,97.3
14/06/2011,99.37
15/06/2011,94.81
16/06/2011,95.032
17/06/2011,93.166
20/06/2011,93.482
21/06/2011,94.016
22/06/2011,95.41
23/06/2011,91.02
24/06/2011,91.16
27/06/2011,90.61
28/06/2011,92.89
29/06/2011,94.77
30/06/2011,95.42
01/07/2011,94.94
05/07/2011,96.89
06/07/2011,96.65
07/07/2011,98.67
08/07/2011,96.2
11/07/2011,95.15
12/07/2011,97.43
13/07/2011,98.05
14/07/2011,95.69
15/07/2011,97.312
18/07/2011,96.058
19/07/2011,97.716
20/07/2011,98.348
21/07/2011,99.13
22/07/2011,99.87
25/07/2011,99.2
26/07/2011,99.59
27/07/2011,97.4
28/07/2011,97.44
29/07/2011,95.7
01/08/2011,94.89
02/08/2011,93.79
03/08/2011,91.93
04/08/2011,86.63
05/08/2011,86.88
08/08/2011,81.31
09/08/2011,79.3
10/08/2011,82.89
11/08/2011,85.72
12/08/2011,85.38
15/08/2011,87.88
16/08/2011,86.65
17/08/2011,87.61
18/08/2011,82.432
19/08/2011,82.35
22/08/2011,84.36
23/08/2011,85.44
24/08/2011,85.16
25/08/2011,85.3
26/08/2011,85.37
29/08/2011,87.27
30/08/2011,88.9
31/08/2011,88.81
01/09/2011,88.93
02/09/2011,86.45
06/09/2011,86.02
07/09/2011,89.34
08/09/2011,89.05
09/09/2011,87.24
12/09/2011,88.19
13/09/2011,90.21
14/09/2011,88.91
15/09/2011,89.43799999999996
16/09/2011,88.04799999999999
19/09/2011,85.766
20/09/2011,86.914
21/09/2011,85.92
22/09/2011,80.51
23/09/2011,79.85
26/09/2011,80.24
27/09/2011,84.45
28/09/2011,81.21
29/09/2011,82.14
30/09/2011,79.2
03/10/2011,77.61
04/10/2011,75.67
05/10/2011,79.68
06/10/2011,82.59
07/10/2011,82.98
10/10/2011,85.41
11/10/2011,85.81
12/10/2011,85.57
13/10/2011,84.23
14/10/2011,86.8
17/10/2011,86.428
18/10/2011,88.416
19/10/2011,86.21799999999998
20/10/2011,85.916
21/10/2011,87.4
24/10/2011,91.27
25/10/2011,93.17
26/10/2011,90.2
27/10/2011,93.96
28/10/2011,93.32
31/10/2011,93.19
01/11/2011,92.19
02/11/2011,92.51
03/11/2011,94.07
04/11/2011,94.26
07/11/2011,95.52
08/11/2011,96.8
09/11/2011,95.74
10/11/2011,97.78
11/11/2011,98.99
14/11/2011,98.14
15/11/2011,99.382
16/11/2011,102.594
17/11/2011,98.886
18/11/2011,97.618
21/11/2011,96.92
22/11/2011,98.01
23/11/2011,96.17
25/11/2011,96.77
28/11/2011,98.21
29/11/2011,99.79
30/11/2011,100.36
01/12/2011,100.2
02/12/2011,100.96
05/12/2011,100.99
06/12/2011,101.28
07/12/2011,100.49
08/12/2011,98.34
09/12/2011,99.41
12/12/2011,97.77
13/12/2011,100.14
14/12/2011,94.95
15/12/2011,93.91
16/12/2011,93.618
19/12/2011,93.982
20/12/2011,97.236
21/12/2011,98.67
22/12/2011,99.53
23/12/2011,99.68
27/12/2011,101.34
28/12/2011,99.36
29/12/2011,99.65
30/12/2011,98.83
03/01/2012,102.96
04/01/2012,103.22
05/01/2012,101.81
06/01/2012,101.56
09/01/2012,101.31
10/01/2012,102.24
11/01/2012,100.87
12/01/2012,99.1
13/01/2012,98.7
17/01/2012,100.742
18/01/2012,100.658
19/01/2012,100.48
20/01/2012,98.356
23/01/2012,99.58
24/01/2012,98.95
25/01/2012,99.4
26/01/2012,99.7
27/01/2012,99.56
30/01/2012,98.78
31/01/2012,98.48
01/02/2012,97.61
02/02/2012,96.36
03/02/2012,97.84
06/02/2012,96.91
07/02/2012,98.41
08/02/2012,98.71
09/02/2012,99.84
10/02/2012,98.67
13/02/2012,100.91
14/02/2012,100.74
15/02/2012,101.868
16/02/2012,102.442
17/02/2012,103.456
21/02/2012,106.168
22/02/2012,106.28
23/02/2012,107.83
24/02/2012,109.77
27/02/2012,108.56
28/02/2012,106.55
29/02/2012,107.07
01/03/2012,108.84
02/03/2012,106.7
05/03/2012,106.72
06/03/2012,104.7
07/03/2012,106.16
08/03/2012,106.58
09/03/2012,107.4
12/03/2012,106.34
13/03/2012,106.71
14/03/2012,105.43
15/03/2012,105.218
16/03/2012,107.268
19/03/2012,108.372
20/03/2012,105.978
21/03/2012,107.27
22/03/2012,105.35
23/03/2012,106.87
26/03/2012,107.03
27/03/2012,107.33
28/03/2012,105.41
29/03/2012,102.78
30/03/2012,103.02
02/04/2012,105.23
03/04/2012,104.01
04/04/2012,101.47
05/04/2012,103.31
09/04/2012,102.46
10/04/2012,101.02
11/04/2012,102.7
12/04/2012,103.64
13/04/2012,102.83
16/04/2012,102.93
17/04/2012,104.288
18/04/2012,102.85
19/04/2012,102.54
20/04/2012,103.714
23/04/2012,103.11
24/04/2012,103.55
25/04/2012,104.12
26/04/2012,104.55
27/04/2012,104.93
30/04/2012,104.87
01/05/2012,106.16
02/05/2012,105.22
03/05/2012,102.54
04/05/2012,98.49
07/05/2012,97.94
08/05/2012,97.01
09/05/2012,96.81
10/05/2012,97.08
11/05/2012,96.13
14/05/2012,94.78
15/05/2012,93.98
16/05/2012,92.81
17/05/2012,92.636
18/05/2012,91.608
21/05/2012,92.744
22/05/2012,91.812
23/05/2012,89.9
24/05/2012,90.66
25/05/2012,90.86
29/05/2012,90.76
30/05/2012,87.82
31/05/2012,86.53
01/06/2012,83.23
04/06/2012,83.98
05/06/2012,84.29
06/06/2012,85.02
07/06/2012,84.82
08/06/2012,84.1
11/06/2012,82.7
12/06/2012,83.32
13/06/2012,82.62
14/06/2012,83.91
15/06/2012,84.09
18/06/2012,83.402
19/06/2012,84.22200000000002
20/06/2012,81.52
21/06/2012,78.2
22/06/2012,79.76
25/06/2012,79.21
26/06/2012,79.36
27/06/2012,80.21
28/06/2012,77.69
29/06/2012,84.96
02/07/2012,83.75
03/07/2012,87.66
05/07/2012,87.22
06/07/2012,84.45
09/07/2012,85.99
10/07/2012,83.91
11/07/2012,85.81
12/07/2012,86.08
13/07/2012,87.1
16/07/2012,88.43
17/07/2012,89.28399999999998
18/07/2012,89.99
19/07/2012,92.846
20/07/2012,91.752
23/07/2012,88.14
24/07/2012,88.5
25/07/2012,88.97
26/07/2012,89.39
27/07/2012,90.13
30/07/2012,89.78
31/07/2012,88.06
01/08/2012,88.91
02/08/2012,87.13
03/08/2012,91.4
06/08/2012,92.2
07/08/2012,93.67
08/08/2012,93.35
09/08/2012,93.36
10/08/2012,92.87
13/08/2012,92.73
14/08/2012,93.43
15/08/2012,94.33
16/08/2012,95.658
17/08/2012,96.134
20/08/2012,96.144
21/08/2012,96.808
22/08/2012,97.26
23/08/2012,96.27
24/08/2012,96.15
27/08/2012,95.47
28/08/2012,96.33
29/08/2012,95.49
30/08/2012,94.62
31/08/2012,96.47
04/09/2012,95.3
05/09/2012,95.36
06/09/2012,95.53
07/09/2012,96.42
10/09/2012,96.54
11/09/2012,97.17
12/09/2012,97.01
13/09/2012,98.31
14/09/2012,99.0
17/09/2012,96.686
18/09/2012,95.422
19/09/2012,92.172
20/09/2012,92.31
21/09/2012,92.89
24/09/2012,91.93
25/09/2012,91.37
26/09/2012,89.98
27/09/2012,91.85
28/09/2012,92.19
01/10/2012,92.48
02/10/2012,91.89
03/10/2012,88.14
04/10/2012,91.71
05/10/2012,89.88
08/10/2012,89.33
09/10/2012,92.39
10/10/2012,91.25
11/10/2012,92.07
12/10/2012,91.86
15/10/2012,91.85
16/10/2012,92.09
17/10/2012,92.214
18/10/2012,92.272
19/10/2012,90.284
22/10/2012,88.666
23/10/2012,86.67
24/10/2012,85.73
25/10/2012,86.05
26/10/2012,86.28
29/10/2012,85.54
30/10/2012,85.68
31/10/2012,86.24
01/11/2012,87.09
02/11/2012,84.86
05/11/2012,85.65
06/11/2012,88.71
07/11/2012,84.44
08/11/2012,85.09
09/11/2012,86.07
12/11/2012,85.57
13/11/2012,85.47200000000002
14/11/2012,86.492
15/11/2012,85.70200000000001
16/11/2012,86.87
19/11/2012,89.28
20/11/2012,86.75
21/11/2012,87.38
23/11/2012,88.28
26/11/2012,87.74
27/11/2012,87.18
28/11/2012,86.49
29/11/2012,88.07
30/11/2012,88.91
03/12/2012,89.09
04/12/2012,88.5
05/12/2012,87.88
06/12/2012,86.26
07/12/2012,85.93
10/12/2012,85.56
11/12/2012,85.79
12/12/2012,86.77
13/12/2012,85.89
14/12/2012,86.834
17/12/2012,87.38799999999998
18/12/2012,88.212
19/12/2012,89.88600000000002
20/12/2012,90.13
21/12/2012,88.66
24/12/2012,88.61
26/12/2012,90.98
27/12/2012,90.87
28/12/2012,90.8
31/12/2012,91.82
02/01/2013,93.12
03/01/2013,92.92
04/01/2013,93.09
07/01/2013,93.19
08/01/2013,93.15
09/01/2013,93.1
10/01/2013,93.82
11/01/2013,93.56
14/01/2013,94.14
15/01/2013,93.28
16/01/2013,94.328
17/01/2013,95.67
18/01/2013,95.848
22/01/2013,96.592
23/01/2013,95.23
24/01/2013,95.95
25/01/2013,95.88
28/01/2013,96.44
29/01/2013,97.57
30/01/2013,97.94
31/01/2013,97.49
01/02/2013,97.77
04/02/2013,96.17
05/02/2013,96.64
06/02/2013,96.62
07/02/2013,95.83
08/02/2013,95.72
11/02/2013,97.03
12/02/2013,97.51
13/02/2013,97.01
14/02/2013,97.428
15/02/2013,96.08
19/02/2013,96.924
20/02/2013,95.068
21/02/2013,92.84
22/02/2013,93.13
25/02/2013,93.11
26/02/2013,92.63
27/02/2013,92.76
28/02/2013,92.05
01/03/2013,90.68
04/03/2013,90.12
05/03/2013,90.82
06/03/2013,90.43
07/03/2013,91.56
08/03/2013,91.95
11/03/2013,92.06
12/03/2013,92.54
13/03/2013,92.52
14/03/2013,93.03
15/03/2013,93.524
18/03/2013,93.888
19/03/2013,92.376
20/03/2013,93.392
21/03/2013,92.45
22/03/2013,93.71
25/03/2013,94.81
26/03/2013,96.34
27/03/2013,96.58
28/03/2013,97.23
01/04/2013,97.07
02/04/2013,97.19
03/04/2013,94.45
04/04/2013,93.26
05/04/2013,92.7
08/04/2013,93.36
09/04/2013,94.2
10/04/2013,94.64
11/04/2013,93.51
12/04/2013,91.29
15/04/2013,88.71
16/04/2013,88.72
17/04/2013,86.738
18/04/2013,87.838
19/04/2013,88.166
22/04/2013,89.104
23/04/2013,89.18
24/04/2013,91.43
25/04/2013,93.64
26/04/2013,93.0
29/04/2013,94.5
30/04/2013,93.46
01/05/2013,91.03
02/05/2013,93.99
03/05/2013,95.61
06/05/2013,96.16
07/05/2013,95.62
08/05/2013,96.62
09/05/2013,96.39
10/05/2013,96.04
13/05/2013,95.17
14/05/2013,94.21
15/05/2013,94.3
16/05/2013,95.218
17/05/2013,96.128
20/05/2013,96.842
21/05/2013,96.176
22/05/2013,94.28
23/05/2013,94.25
24/05/2013,94.15
28/05/2013,95.01
29/05/2013,93.13
30/05/2013,93.61
31/05/2013,91.97
03/06/2013,93.45
04/06/2013,93.31
05/06/2013,93.74
06/06/2013,94.76
07/06/2013,96.03
10/06/2013,95.77
11/06/2013,95.38
12/06/2013,95.88
13/06/2013,96.69
14/06/2013,97.85
17/06/2013,97.822
18/06/2013,98.532
19/06/2013,98.384
20/06/2013,95.192
21/06/2013,93.69
24/06/2013,95.18
25/06/2013,95.32
26/06/2013,95.5
27/06/2013,97.05
28/06/2013,96.56
01/07/2013,97.99
02/07/2013,99.6
03/07/2013,101.24
05/07/2013,103.22
08/07/2013,103.14
09/07/2013,103.53
10/07/2013,106.52
11/07/2013,104.91
12/07/2013,105.95
15/07/2013,106.32
16/07/2013,106.0
17/07/2013,106.454
18/07/2013,107.948
19/07/2013,107.942
22/07/2013,106.934
23/07/2013,107.23
24/07/2013,105.39
25/07/2013,105.49
26/07/2013,104.7
29/07/2013,104.55
30/07/2013,103.08
31/07/2013,105.03
01/08/2013,107.89
02/08/2013,106.94
05/08/2013,106.56
06/08/2013,105.3
07/08/2013,104.37
08/08/2013,103.4
09/08/2013,105.97
12/08/2013,106.11
13/08/2013,106.83
14/08/2013,106.85
15/08/2013,107.302
16/08/2013,107.392
19/08/2013,106.956
20/08/2013,105.08
21/08/2013,103.85
22/08/2013,105.03
23/08/2013,106.42
26/08/2013,105.92
27/08/2013,109.01
28/08/2013,110.1
29/08/2013,108.8
30/08/2013,107.65
03/09/2013,108.54
04/09/2013,107.23
05/09/2013,108.37
06/09/2013,110.53
09/09/2013,109.52
10/09/2013,107.39
11/09/2013,107.56
12/09/2013,108.6
13/09/2013,108.21
16/09/2013,106.59
17/09/2013,105.3
18/09/2013,107.754
19/09/2013,106.072
20/09/2013,104.734
23/09/2013,103.59
24/09/2013,103.13
25/09/2013,102.66
26/09/2013,103.03
27/09/2013,102.87
30/09/2013,102.33
01/10/2013,102.04
02/10/2013,104.1
03/10/2013,103.31
04/10/2013,103.84
07/10/2013,103.03
08/10/2013,103.49
09/10/2013,101.61
10/10/2013,103.01
11/10/2013,102.02
14/10/2013,102.41
15/10/2013,101.21
16/10/2013,102.29
17/10/2013,100.71
18/10/2013,100.93
21/10/2013,99.496
22/10/2013,98.2
23/10/2013,96.86
24/10/2013,97.11
25/10/2013,97.85
28/10/2013,98.68
29/10/2013,98.2
30/10/2013,96.77
31/10/2013,96.38
01/11/2013,94.61
04/11/2013,94.62
05/11/2013,93.37
06/11/2013,94.8
07/11/2013,94.2
08/11/2013,94.6
11/11/2013,95.14
12/11/2013,93.04
13/11/2013,93.88
14/11/2013,93.76
15/11/2013,93.97
18/11/2013,93.29
19/11/2013,93.67
20/11/2013,93.746
21/11/2013,95.44
22/11/2013,94.84
25/11/2013,94.09
26/11/2013,93.68
27/11/2013,92.3
29/11/2013,92.72
02/12/2013,93.82
03/12/2013,96.04
04/12/2013,97.2
05/12/2013,97.38
06/12/2013,97.65
09/12/2013,97.34
10/12/2013,98.51
11/12/2013,97.44
12/12/2013,97.5
13/12/2013,96.6
16/12/2013,97.538
17/12/2013,97.32
18/12/2013,97.956
19/12/2013,98.986
20/12/2013,99.32
23/12/2013,98.91
24/12/2013,99.22
26/12/2013,99.55
27/12/2013,100.32
30/12/2013,99.29
31/12/2013,98.42
02/01/2014,95.44
03/01/2014,93.96
06/01/2014,93.43
07/01/2014,93.67
08/01/2014,92.33
09/01/2014,91.66
10/01/2014,92.72
13/01/2014,91.8
14/01/2014,92.59
15/01/2014,94.206
16/01/2014,94.016
17/01/2014,94.502
21/01/2014,94.974
22/01/2014,96.73
23/01/2014,97.32
24/01/2014,96.64
27/01/2014,95.72
28/01/2014,97.41
29/01/2014,97.36
30/01/2014,98.23
31/01/2014,97.49
03/02/2014,96.43
04/02/2014,97.19
05/02/2014,97.38
06/02/2014,97.84
07/02/2014,99.88
10/02/2014,100.06
11/02/2014,99.94
12/02/2014,100.37
13/02/2014,100.35
14/02/2014,100.266
18/02/2014,102.298
19/02/2014,103.028
20/02/2014,102.784
21/02/2014,102.2
24/02/2014,102.82
25/02/2014,101.83
26/02/2014,102.59
27/02/2014,102.4
28/02/2014,102.59
03/03/2014,104.92
04/03/2014,103.33
05/03/2014,101.45
06/03/2014,101.56
07/03/2014,102.58
10/03/2014,101.12
11/03/2014,100.03
12/03/2014,97.99
13/03/2014,98.2
14/03/2014,98.89
17/03/2014,97.988
18/03/2014,99.372
19/03/2014,99.65
20/03/2014,99.006
21/03/2014,99.46
24/03/2014,99.6
25/03/2014,99.19
26/03/2014,100.26
27/03/2014,101.28
28/03/2014,101.67
31/03/2014,101.58
01/04/2014,99.74
02/04/2014,99.62
03/04/2014,100.29
04/04/2014,101.14
07/04/2014,100.44
08/04/2014,102.56
09/04/2014,103.6
10/04/2014,103.4
11/04/2014,103.74
14/04/2014,104.05
15/04/2014,103.75
16/04/2014,103.614
17/04/2014,103.928
21/04/2014,103.938
22/04/2014,101.826
23/04/2014,101.44
24/04/2014,101.94
25/04/2014,100.6
28/04/2014,100.84
29/04/2014,101.28
30/04/2014,99.74
01/05/2014,99.42
02/05/2014,99.76
05/05/2014,99.48
06/05/2014,99.5
07/05/2014,100.77
08/05/2014,100.26
09/05/2014,99.99
12/05/2014,100.59
13/05/2014,101.7
14/05/2014,102.37
15/05/2014,101.426
16/05/2014,101.844
19/05/2014,102.31
20/05/2014,102.352
21/05/2014,104.07
22/05/2014,103.74
23/05/2014,104.35
27/05/2014,104.11
28/05/2014,102.72
29/05/2014,103.58
30/05/2014,102.71
02/06/2014,102.47
03/06/2014,102.66
04/06/2014,102.64
05/06/2014,102.48
06/06/2014,102.66
09/06/2014,104.41
10/06/2014,104.35
11/06/2014,104.4
12/06/2014,106.53
13/06/2014,106.91
16/06/2014,106.9
17/06/2014,106.262
18/06/2014,105.818
19/06/2014,106.202
20/06/2014,106.916
23/06/2014,106.17
24/06/2014,106.03
25/06/2014,106.5
26/06/2014,105.84
27/06/2014,105.74
30/06/2014,105.37
01/07/2014,105.34
02/07/2014,104.48
03/07/2014,104.06
07/07/2014,103.53
08/07/2014,103.4
09/07/2014,102.29
10/07/2014,102.93
11/07/2014,100.83
14/07/2014,100.91
15/07/2014,99.96
16/07/2014,101.2
17/07/2014,102.992
18/07/2014,102.658
21/07/2014,103.552
22/07/2014,102.796
23/07/2014,103.12
24/07/2014,102.07
25/07/2014,102.09
28/07/2014,101.67
29/07/2014,100.97
30/07/2014,100.27
31/07/2014,98.17
01/08/2014,97.88
04/08/2014,98.29
05/08/2014,97.38
06/08/2014,96.92
07/08/2014,97.34
08/08/2014,97.65
11/08/2014,98.08
12/08/2014,97.37
13/08/2014,97.59
14/08/2014,95.58
15/08/2014,96.944
18/08/2014,95.346
19/08/2014,93.508
20/08/2014,93.974
21/08/2014,93.96
22/08/2014,93.65
25/08/2014,93.35
26/08/2014,93.86
27/08/2014,93.88
28/08/2014,94.55
29/08/2014,95.96
02/09/2014,92.88
03/09/2014,95.54
04/09/2014,94.45
05/09/2014,93.29
08/09/2014,92.66
09/09/2014,92.75
10/09/2014,91.67
11/09/2014,92.83
12/09/2014,92.27
15/09/2014,92.92
16/09/2014,94.88
17/09/2014,94.176
18/09/2014,92.634
19/09/2014,91.954
22/09/2014,91.0
23/09/2014,91.56
24/09/2014,92.8
25/09/2014,92.53
26/09/2014,93.54
29/09/2014,94.57
30/09/2014,91.16
01/10/2014,90.73
02/10/2014,91.01
03/10/2014,89.74
06/10/2014,90.34
07/10/2014,88.85
08/10/2014,87.31
09/10/2014,85.77
10/10/2014,85.82
13/10/2014,85.74
14/10/2014,81.84
15/10/2014,81.78
16/10/2014,82.55
17/10/2014,82.47399999999998
20/10/2014,82.23
21/10/2014,82.554
22/10/2014,80.52
23/10/2014,82.09
24/10/2014,81.01
27/10/2014,81.0
28/10/2014,81.42
29/10/2014,82.2
30/10/2014,81.12
31/10/2014,80.54
03/11/2014,78.78
04/11/2014,77.19
05/11/2014,78.68
06/11/2014,77.91
07/11/2014,78.65
10/11/2014,77.4
11/11/2014,77.94
12/11/2014,77.18
13/11/2014,74.21
14/11/2014,75.82
17/11/2014,75.64399999999998
18/11/2014,74.622
19/11/2014,74.532
20/11/2014,75.796
21/11/2014,76.51
24/11/2014,75.78
25/11/2014,74.09
26/11/2014,73.69
28/11/2014,66.15
01/12/2014,69.0
02/12/2014,66.88
03/12/2014,67.38
04/12/2014,66.81
05/12/2014,65.84
08/12/2014,63.05
09/12/2014,63.82
10/12/2014,60.94
11/12/2014,59.95
12/12/2014,57.81
15/12/2014,55.91
16/12/2014,55.996
17/12/2014,56.598
18/12/2014,54.26
19/12/2014,57.008
22/12/2014,55.26
23/12/2014,57.12
24/12/2014,55.84
26/12/2014,54.73
29/12/2014,53.61
30/12/2014,54.12
31/12/2014,53.27
02/01/2015,52.69
05/01/2015,50.04
06/01/2015,47.93
07/01/2015,48.65
08/01/2015,48.79
09/01/2015,48.36
12/01/2015,46.07
13/01/2015,45.89
14/01/2015,48.576
15/01/2015,46.442
16/01/2015,48.95399999999999
20/01/2015,46.45399999999999
21/01/2015,47.78
22/01/2015,46.31
23/01/2015,45.59
26/01/2015,45.15
27/01/2015,46.23
28/01/2015,44.45
29/01/2015,44.53
30/01/2015,48.24
02/02/2015,49.57
03/02/2015,53.05
04/02/2015,48.45
05/02/2015,50.48
06/02/2015,51.69
09/02/2015,52.86
10/02/2015,50.02
11/02/2015,48.84
12/02/2015,51.21
13/02/2015,52.78
17/02/2015,53.682
18/02/2015,52.412
19/02/2015,51.562
20/02/2015,50.716
23/02/2015,49.45
24/02/2015,49.28
25/02/2015,50.99
26/02/2015,48.17
27/02/2015,49.76
02/03/2015,49.59
03/03/2015,50.52
04/03/2015,51.53
05/03/2015,50.76
06/03/2015,49.61
09/03/2015,50.0
10/03/2015,48.29
11/03/2015,48.17
12/03/2015,47.05
13/03/2015,44.84
16/03/2015,43.88
17/03/2015,43.806
18/03/2015,45.456
19/03/2015,44.902
20/03/2015,46.4
23/03/2015,47.45
24/03/2015,47.51
25/03/2015,49.21
26/03/2015,51.43
27/03/2015,48.87
30/03/2015,48.68
31/03/2015,47.6
01/04/2015,50.09
02/04/2015,49.14
06/04/2015,52.14
07/04/2015,53.98
08/04/2015,50.42
09/04/2015,50.79
10/04/2015,51.64
13/04/2015,51.91
14/04/2015,53.29
15/04/2015,56.39
16/04/2015,56.99
17/04/2015,56.372
20/04/2015,57.28
21/04/2015,56.34
22/04/2015,56.16
23/04/2015,57.74
24/04/2015,57.15
27/04/2015,56.99
28/04/2015,57.06
29/04/2015,58.58
30/04/2015,59.63
01/05/2015,59.15
04/05/2015,58.93
05/05/2015,60.4
06/05/2015,60.93
07/05/2015,58.94
08/05/2015,59.39
11/05/2015,59.25
12/05/2015,60.75
13/05/2015,60.5
14/05/2015,60.072
15/05/2015,60.03
18/05/2015,59.916
19/05/2015,57.844
20/05/2015,58.98
21/05/2015,60.72
22/05/2015,59.72
26/05/2015,58.03
27/05/2015,57.51
28/05/2015,57.68
29/05/2015,60.3
01/06/2015,60.2
02/06/2015,61.26
03/06/2015,59.64
04/06/2015,58.0
05/06/2015,59.13
08/06/2015,58.14
09/06/2015,60.14
10/06/2015,61.43
11/06/2015,60.77
12/06/2015,59.96
15/06/2015,59.52
16/06/2015,59.97
17/06/2015,60.002
18/06/2015,60.598
19/06/2015,59.826
22/06/2015,60.24
23/06/2015,61.01
24/06/2015,60.27
25/06/2015,59.7
26/06/2015,59.63
29/06/2015,58.33
30/06/2015,59.47
01/07/2015,56.96
02/07/2015,56.93
06/07/2015,52.53
07/07/2015,52.33
08/07/2015,51.65
09/07/2015,52.78
10/07/2015,52.74
13/07/2015,52.2
14/07/2015,53.04
15/07/2015,51.41
16/07/2015,50.976000000000006
17/07/2015,51.018
20/07/2015,50.324
21/07/2015,50.76
22/07/2015,49.19
23/07/2015,48.45
24/07/2015,48.14
27/07/2015,47.39
28/07/2015,47.98
29/07/2015,48.79
30/07/2015,48.52
31/07/2015,47.12
03/08/2015,45.17
04/08/2015,45.74
05/08/2015,45.15
06/08/2015,44.66
07/08/2015,43.87
10/08/2015,44.96
11/08/2015,43.08
12/08/2015,43.3
13/08/2015,42.23
14/08/2015,42.5
17/08/2015,41.978
18/08/2015,42.82
19/08/2015,41.082
20/08/2015,41.284
21/08/2015,40.45
24/08/2015,38.24
25/08/2015,39.31
26/08/2015,38.6
27/08/2015,42.56
28/08/2015,45.22
31/08/2015,49.2
01/09/2015,45.41
02/09/2015,46.25
03/09/2015,46.75
04/09/2015,46.05
08/09/2015,45.94
09/09/2015,44.15
10/09/2015,45.92
11/09/2015,44.63
14/09/2015,44.0
15/09/2015,44.59
16/09/2015,47.15
17/09/2015,46.96
18/09/2015,44.816
21/09/2015,46.848
22/09/2015,46.254
23/09/2015,44.48
24/09/2015,44.91
25/09/2015,45.7
28/09/2015,44.43
29/09/2015,45.23
30/09/2015,45.09
01/10/2015,44.74
02/10/2015,45.54
05/10/2015,46.26
06/10/2015,48.53
07/10/2015,47.81
08/10/2015,49.43
09/10/2015,49.63
12/10/2015,47.1
13/10/2015,46.66
14/10/2015,46.64
15/10/2015,46.478
16/10/2015,47.444
19/10/2015,46.124
20/10/2015,46.142
21/10/2015,45.2
22/10/2015,45.38
23/10/2015,44.6
26/10/2015,43.98
27/10/2015,43.2
28/10/2015,45.94
29/10/2015,46.06
30/10/2015,46.59
02/11/2015,46.14
03/11/2015,47.9
04/11/2015,46.32
05/11/2015,45.2
06/11/2015,44.29
09/11/2015,43.87
10/11/2015,44.21
11/11/2015,42.93
12/11/2015,41.75
13/11/2015,40.74
16/11/2015,41.74
17/11/2015,40.878
18/11/2015,41.23
19/11/2015,41.24800000000001
20/11/2015,41.598
23/11/2015,41.75
24/11/2015,42.87
25/11/2015,43.04
27/11/2015,41.71
30/11/2015,41.65
01/12/2015,41.85
02/12/2015,39.94
03/12/2015,41.08
04/12/2015,39.97
07/12/2015,37.65
08/12/2015,37.51
09/12/2015,37.16
10/12/2015,36.76
11/12/2015,35.62
14/12/2015,36.31
15/12/2015,37.35
16/12/2015,35.766
17/12/2015,35.478
18/12/2015,35.528
21/12/2015,35.596
22/12/2015,36.14
23/12/2015,37.5
24/12/2015,38.1
28/12/2015,36.81
29/12/2015,37.87
30/12/2015,36.6
31/12/2015,37.04
04/01/2016,36.76
05/01/2016,35.97
06/01/2016,33.97
07/01/2016,33.27
08/01/2016,33.16
11/01/2016,31.41
12/01/2016,30.44
13/01/2016,30.48
14/01/2016,31.382
15/01/2016,29.808000000000003
19/01/2016,29.126
20/01/2016,27.99
21/01/2016,29.53
22/01/2016,32.19
25/01/2016,30.34
26/01/2016,31.45
27/01/2016,32.3
28/01/2016,33.22
29/01/2016,33.62
01/02/2016,31.62
02/02/2016,29.88
03/02/2016,32.28
04/02/2016,31.72
05/02/2016,30.89
08/02/2016,29.69
09/02/2016,27.94
10/02/2016,27.45
11/02/2016,26.21
12/02/2016,29.44
16/02/2016,29.04
17/02/2016,31.124
18/02/2016,31.634
19/02/2016,30.906
22/02/2016,33.008
23/02/2016,31.87
24/02/2016,32.15
25/02/2016,33.07
26/02/2016,32.78
29/02/2016,33.75
01/03/2016,34.4
02/03/2016,34.66
03/03/2016,34.57
04/03/2016,35.92
07/03/2016,37.9
08/03/2016,36.5
09/03/2016,38.29
10/03/2016,37.84
11/03/2016,38.5
14/03/2016,37.18
15/03/2016,36.34
16/03/2016,38.768
17/03/2016,40.784
18/03/2016,40.46
21/03/2016,41.198
22/03/2016,41.45
23/03/2016,39.79
24/03/2016,39.46
28/03/2016,39.39
29/03/2016,38.28
30/03/2016,38.32
31/03/2016,38.34
01/04/2016,36.79
04/04/2016,35.7
05/04/2016,35.89
06/04/2016,37.75
07/04/2016,37.26
08/04/2016,39.72
11/04/2016,40.36
12/04/2016,42.17
13/04/2016,41.76
14/04/2016,41.5
15/04/2016,40.63
18/04/2016,40.344
19/04/2016,41.914
20/04/2016,43.87
21/04/2016,43.18
22/04/2016,43.73
25/04/2016,42.64
26/04/2016,44.04
27/04/2016,45.33
28/04/2016,46.03
29/04/2016,45.92
02/05/2016,44.78
03/05/2016,43.65
04/05/2016,43.78
05/05/2016,44.32
06/05/2016,44.66
09/05/2016,43.44
10/05/2016,44.66
11/05/2016,46.23
12/05/2016,46.7
13/05/2016,46.21
16/05/2016,47.72
17/05/2016,48.44600000000001
18/05/2016,48.426
19/05/2016,48.466
20/05/2016,48.278
23/05/2016,48.08
24/05/2016,48.62
25/05/2016,49.56
26/05/2016,49.48
27/05/2016,49.33
31/05/2016,49.1
01/06/2016,49.01
02/06/2016,49.17
03/06/2016,48.62
06/06/2016,49.69
07/06/2016,50.36
08/06/2016,51.23
09/06/2016,50.56
10/06/2016,49.07
13/06/2016,48.88
14/06/2016,48.49
15/06/2016,48.01
16/06/2016,46.316
17/06/2016,48.212
20/06/2016,49.724
21/06/2016,49.65
22/06/2016,49.13
23/06/2016,50.11
24/06/2016,47.64
27/06/2016,46.33
28/06/2016,47.85
29/06/2016,49.88
30/06/2016,48.33
01/07/2016,48.99
05/07/2016,46.6
06/07/2016,47.43
07/07/2016,45.14
08/07/2016,45.41
11/07/2016,44.76
12/07/2016,46.8
13/07/2016,44.75
14/07/2016,45.68
15/07/2016,46.09
18/07/2016,45.52
19/07/2016,45.13
20/07/2016,45.588
21/07/2016,44.75
22/07/2016,44.19
25/07/2016,43.13
26/07/2016,42.92
27/07/2016,41.92
28/07/2016,41.14
29/07/2016,41.6
01/08/2016,40.06
02/08/2016,39.51
03/08/2016,40.83
04/08/2016,41.93
05/08/2016,41.8
08/08/2016,43.02
09/08/2016,42.77
10/08/2016,41.71
11/08/2016,43.49
12/08/2016,44.49
15/08/2016,45.74
16/08/2016,46.58
17/08/2016,46.93600000000001
18/08/2016,48.488
19/08/2016,48.874
22/08/2016,47.338
23/08/2016,48.1
24/08/2016,46.77
25/08/2016,47.33
26/08/2016,47.64
29/08/2016,46.98
30/08/2016,46.35
31/08/2016,44.7
01/09/2016,43.16
02/09/2016,44.44
06/09/2016,44.83
07/09/2016,45.5
08/09/2016,47.62
09/09/2016,45.88
12/09/2016,46.29
13/09/2016,44.9
14/09/2016,43.58
15/09/2016,44.032
16/09/2016,43.26600000000001
19/09/2016,43.636
20/09/2016,43.928
21/09/2016,45.34
22/09/2016,46.32
23/09/2016,44.48
26/09/2016,45.93
27/09/2016,44.67
28/09/2016,47.05
29/09/2016,47.83
30/09/2016,48.24
03/10/2016,48.81
04/10/2016,48.69
05/10/2016,49.83
06/10/2016,50.44
07/10/2016,49.81
10/10/2016,51.35
11/10/2016,50.79
12/10/2016,50.18
13/10/2016,50.44
14/10/2016,50.35
17/10/2016,50.026
18/10/2016,50.422
19/10/2016,51.732
20/10/2016,50.59
21/10/2016,50.85
24/10/2016,50.52
25/10/2016,49.96
26/10/2016,49.18
27/10/2016,49.72
28/10/2016,48.7
31/10/2016,46.86
01/11/2016,46.67
02/11/2016,45.34
03/11/2016,44.66
04/11/2016,44.07
07/11/2016,44.89
08/11/2016,44.98
09/11/2016,45.27
10/11/2016,44.66
11/11/2016,43.41
14/11/2016,43.32
15/11/2016,45.81
16/11/2016,45.676
17/11/2016,45.644
18/11/2016,46.092
21/11/2016,48.09
22/11/2016,48.03
23/11/2016,47.96
25/11/2016,46.06
28/11/2016,47.08
29/11/2016,45.23
30/11/2016,49.44
01/12/2016,51.06
02/12/2016,51.68
05/12/2016,51.79
06/12/2016,50.93
07/12/2016,49.77
08/12/2016,50.84
09/12/2016,51.5
12/12/2016,52.83
13/12/2016,52.98
14/12/2016,51.04
15/12/2016,51.114
16/12/2016,52.32
19/12/2016,52.684
20/12/2016,53.08600000000001
21/12/2016,52.49
22/12/2016,52.95
23/12/2016,53.02
27/12/2016,53.9
28/12/2016,54.06
29/12/2016,53.77
30/12/2016,53.72
03/01/2017,52.33
04/01/2017,53.26
05/01/2017,53.76
06/01/2017,53.99
09/01/2017,51.96
10/01/2017,50.82
11/01/2017,52.25
12/01/2017,53.01
13/01/2017,52.37
17/01/2017,52.636
18/01/2017,51.404
19/01/2017,51.82
20/01/2017,53.06
23/01/2017,52.75
24/01/2017,53.18
25/01/2017,52.75
26/01/2017,53.78
27/01/2017,53.17
30/01/2017,52.63
31/01/2017,52.81
01/02/2017,53.88
02/02/2017,53.54
03/02/2017,53.83
06/02/2017,53.01
07/02/2017,52.17
08/02/2017,52.34
09/02/2017,53.0
10/02/2017,53.86
13/02/2017,52.93
14/02/2017,53.2
15/02/2017,53.208
16/02/2017,53.51600000000001
17/02/2017,53.628
21/02/2017,54.276
22/02/2017,53.59
23/02/2017,54.45
24/02/2017,53.99
27/02/2017,54.05
28/02/2017,54.01
01/03/2017,53.83
02/03/2017,52.61
03/03/2017,53.33
06/03/2017,53.2
07/03/2017,53.14
08/03/2017,50.28
09/03/2017,49.28
10/03/2017,48.49
13/03/2017,48.4
14/03/2017,47.72
15/03/2017,48.86
16/03/2017,48.848
17/03/2017,48.992
20/03/2017,48.63399999999999
21/03/2017,48.06
22/03/2017,48.04
23/03/2017,47.7
24/03/2017,47.97
27/03/2017,47.73
28/03/2017,48.37
29/03/2017,49.51
30/03/2017,50.35
31/03/2017,50.6
03/04/2017,50.24
04/04/2017,51.03
05/04/2017,51.15
06/04/2017,51.7
07/04/2017,52.24
10/04/2017,53.08
11/04/2017,53.4
12/04/2017,53.11
13/04/2017,53.18
17/04/2017,52.742
18/04/2017,52.58600000000001
19/04/2017,50.68600000000001
20/04/2017,50.622
21/04/2017,49.62
24/04/2017,49.23
25/04/2017,49.56
26/04/2017,49.62
27/04/2017,48.97
28/04/2017,49.33
01/05/2017,48.84
02/05/2017,47.66
03/05/2017,47.82
04/05/2017,45.52
05/05/2017,46.22
08/05/2017,46.43
09/05/2017,45.88
10/05/2017,47.33
11/05/2017,47.83
12/05/2017,47.84
15/05/2017,48.85
16/05/2017,48.66
17/05/2017,49.13800000000001
18/05/2017,49.474
19/05/2017,50.534
22/05/2017,51.05
23/05/2017,51.47
24/05/2017,51.36
25/05/2017,48.9
26/05/2017,49.8
30/05/2017,49.66
31/05/2017,48.32
01/06/2017,48.36
02/06/2017,47.66
05/06/2017,47.4
06/06/2017,48.19
07/06/2017,45.72
08/06/2017,45.64
09/06/2017,45.83
12/06/2017,46.08
13/06/2017,46.46
14/06/2017,44.73
15/06/2017,44.504
16/06/2017,44.832
19/06/2017,44.338
20/06/2017,43.45399999999999
21/06/2017,42.53
22/06/2017,42.74
23/06/2017,43.01
26/06/2017,43.38
27/06/2017,44.24
28/06/2017,44.74
29/06/2017,44.93
30/06/2017,46.04
03/07/2017,47.07
05/07/2017,45.13
06/07/2017,45.52
07/07/2017,44.23
10/07/2017,44.4
11/07/2017,45.04
12/07/2017,45.49
13/07/2017,46.08
14/07/2017,46.54
17/07/2017,46.062
18/07/2017,46.476000000000006
19/07/2017,47.24
20/07/2017,46.894
21/07/2017,45.77
24/07/2017,46.34
25/07/2017,47.89
26/07/2017,48.75
27/07/2017,49.04
28/07/2017,49.71
31/07/2017,50.17
01/08/2017,49.16
02/08/2017,49.59
03/08/2017,49.03
04/08/2017,49.58
07/08/2017,49.39
08/08/2017,49.17
09/08/2017,49.56
10/08/2017,48.59
11/08/2017,48.82
14/08/2017,47.59
15/08/2017,47.55
16/08/2017,46.78
17/08/2017,47.12
18/08/2017,48.57
21/08/2017,47.466
22/08/2017,47.792
23/08/2017,48.41
24/08/2017,47.43
25/08/2017,47.87
28/08/2017,46.57
29/08/2017,46.44
30/08/2017,45.96
31/08/2017,47.23
01/09/2017,47.29
05/09/2017,48.66
06/09/2017,49.16
07/09/2017,49.09
08/09/2017,47.48
11/09/2017,48.07
12/09/2017,48.23
13/09/2017,49.3
14/09/2017,49.89
15/09/2017,50.0
18/09/2017,50.08600000000001
19/09/2017,49.732
20/09/2017,50.63399999999999
21/09/2017,50.55
22/09/2017,50.66
25/09/2017,52.22
26/09/2017,51.88
27/09/2017,52.14
28/09/2017,51.56
29/09/2017,51.67
02/10/2017,50.58
03/10/2017,50.42
04/10/2017,49.98
05/10/2017,50.79
06/10/2017,49.29
09/10/2017,49.58
10/10/2017,50.92
11/10/2017,51.3
12/10/2017,50.6
13/10/2017,51.45
16/10/2017,51.87
17/10/2017,51.926
18/10/2017,52.128
19/10/2017,51.422
20/10/2017,51.76600000000001
23/10/2017,51.9
24/10/2017,52.47
25/10/2017,52.18
26/10/2017,52.64
27/10/2017,53.9
30/10/2017,54.15
31/10/2017,54.38
01/11/2017,54.3
02/11/2017,54.54
03/11/2017,55.64
06/11/2017,57.35
07/11/2017,57.2
08/11/2017,56.81
09/11/2017,57.17
10/11/2017,56.74
13/11/2017,56.76
14/11/2017,55.7
15/11/2017,55.368
16/11/2017,55.224
17/11/2017,56.646
20/11/2017,56.354
21/11/2017,56.83
22/11/2017,58.02
24/11/2017,58.95
27/11/2017,58.11
28/11/2017,57.99
29/11/2017,57.3
30/11/2017,57.4
01/12/2017,58.36
04/12/2017,57.47
05/12/2017,57.62
06/12/2017,55.96
07/12/2017,56.69
08/12/2017,57.36
11/12/2017,57.99
12/12/2017,57.14
13/12/2017,56.6
14/12/2017,57.048
15/12/2017,57.312
18/12/2017,57.19600000000001
19/12/2017,57.54
20/12/2017,58.09
21/12/2017,58.36
22/12/2017,58.47
26/12/2017,59.97
27/12/2017,59.64
28/12/2017,59.84
29/12/2017,60.42
02/01/2018,60.37
03/01/2018,61.63
04/01/2018,62.01
05/01/2018,61.44
08/01/2018,61.73
09/01/2018,62.96
10/01/2018,63.57
11/01/2018,63.8
12/01/2018,64.3
16/01/2018,63.73
17/01/2018,63.96
18/01/2018,63.926
19/01/2018,63.334
22/01/2018,63.554
23/01/2018,64.47
24/01/2018,65.61
25/01/2018,65.51
26/01/2018,66.14
29/01/2018,65.56
30/01/2018,64.5
31/01/2018,64.73
01/02/2018,65.8
02/02/2018,65.45
05/02/2018,64.15
06/02/2018,63.39
07/02/2018,61.79
08/02/2018,61.15
09/02/2018,59.2
12/02/2018,59.29
13/02/2018,59.19
14/02/2018,60.582
15/02/2018,61.272
16/02/2018,61.602
20/02/2018,61.812
21/02/2018,61.68
22/02/2018,62.77
23/02/2018,63.55
26/02/2018,63.91
27/02/2018,63.01
28/02/2018,61.64
01/03/2018,60.99
02/03/2018,61.25
05/03/2018,62.57
06/03/2018,62.6
07/03/2018,61.15
08/03/2018,60.12
09/03/2018,62.04
12/03/2018,61.36
13/03/2018,60.71
14/03/2018,60.96
15/03/2018,61.202
16/03/2018,62.368
19/03/2018,62.102
20/03/2018,63.512
21/03/2018,65.17
22/03/2018,64.3
23/03/2018,65.88
26/03/2018,65.55
27/03/2018,65.25
28/03/2018,64.38
29/03/2018,64.94
02/04/2018,63.01
03/04/2018,63.51
04/04/2018,63.37
05/04/2018,63.54
06/04/2018,62.06
09/04/2018,63.42
10/04/2018,65.51
11/04/2018,66.82
12/04/2018,67.07
13/04/2018,67.39
16/04/2018,66.22
17/04/2018,66.518
18/04/2018,68.47
19/04/2018,68.314
20/04/2018,68.396
23/04/2018,68.64
24/04/2018,67.7
25/04/2018,68.05
26/04/2018,68.19
27/04/2018,68.1
30/04/2018,68.57
01/05/2018,67.25
02/05/2018,67.93
03/05/2018,68.43
04/05/2018,69.72
07/05/2018,70.73
08/05/2018,69.06
09/05/2018,71.14
10/05/2018,71.36
11/05/2018,70.7
14/05/2018,70.96
15/05/2018,71.31
16/05/2018,71.49
17/05/2018,71.506
18/05/2018,71.316
21/05/2018,72.306
22/05/2018,72.186
23/05/2018,71.84
24/05/2018,70.71
25/05/2018,67.88
29/05/2018,66.73
30/05/2018,68.21
31/05/2018,67.04
01/06/2018,65.81
04/06/2018,64.75
05/06/2018,65.52
06/06/2018,64.73
07/06/2018,65.95
08/06/2018,65.74
11/06/2018,66.1
12/06/2018,66.36
13/06/2018,66.64
14/06/2018,66.89
15/06/2018,65.018
18/06/2018,65.786
19/06/2018,64.968
20/06/2018,65.812
21/06/2018,65.54
22/06/2018,68.58
25/06/2018,68.08
26/06/2018,70.53
27/06/2018,72.76
28/06/2018,73.45
29/06/2018,74.15
02/07/2018,73.94
03/07/2018,74.14
05/07/2018,72.94
06/07/2018,73.8
09/07/2018,73.85
10/07/2018,74.11
11/07/2018,70.38
12/07/2018,70.33
13/07/2018,71.01
16/07/2018,68.06
17/07/2018,67.896
18/07/2018,68.35600000000001
19/07/2018,68.72800000000001
20/07/2018,68.7
23/07/2018,67.89
24/07/2018,68.52
25/07/2018,69.3
26/07/2018,69.61
27/07/2018,68.69
30/07/2018,70.13
31/07/2018,68.76
01/08/2018,67.66
02/08/2018,68.96
03/08/2018,68.49
06/08/2018,69.01
07/08/2018,69.17
08/08/2018,66.94
09/08/2018,66.81
10/08/2018,67.63
13/08/2018,67.2
14/08/2018,67.04
15/08/2018,65.01
16/08/2018,65.344
17/08/2018,65.63
20/08/2018,65.824
21/08/2018,66.142
22/08/2018,67.86
23/08/2018,67.83
24/08/2018,68.72
27/08/2018,68.87
28/08/2018,68.53
29/08/2018,69.51
30/08/2018,70.25
31/08/2018,69.8
04/09/2018,69.87
05/09/2018,68.72
06/09/2018,67.77
07/09/2018,67.75
10/09/2018,67.54
11/09/2018,69.25
12/09/2018,70.37
13/09/2018,68.59
14/09/2018,68.99
17/09/2018,68.86399999999999
18/09/2018,69.74600000000001
19/09/2018,70.91
20/09/2018,70.416
21/09/2018,70.78
24/09/2018,72.08
25/09/2018,72.28
26/09/2018,71.57
27/09/2018,72.12
28/09/2018,73.25
01/10/2018,75.3
02/10/2018,75.23
03/10/2018,76.41
04/10/2018,74.33
05/10/2018,74.34
08/10/2018,74.29
09/10/2018,74.96
10/10/2018,73.17
11/10/2018,70.97
12/10/2018,71.34
15/10/2018,71.78
16/10/2018,71.92
17/10/2018,69.74
18/10/2018,68.67399999999999
19/10/2018,69.21600000000001
22/10/2018,69.322
23/10/2018,66.43
24/10/2018,66.82
25/10/2018,67.33
26/10/2018,67.59
29/10/2018,67.04
30/10/2018,66.18
31/10/2018,65.31
01/11/2018,63.69
02/11/2018,63.14
05/11/2018,63.1
06/11/2018,62.21
07/11/2018,61.67
08/11/2018,60.67
09/11/2018,60.19
12/11/2018,59.93
13/11/2018,55.69
14/11/2018,56.288
15/11/2018,56.548
16/11/2018,56.592
19/11/2018,57.112
20/11/2018,53.43
21/11/2018,54.63
23/11/2018,50.42
26/11/2018,51.63
27/11/2018,51.56
28/11/2018,50.29
29/11/2018,51.45
30/11/2018,50.93
03/12/2018,52.95
04/12/2018,53.25
05/12/2018,52.89
06/12/2018,51.49
07/12/2018,52.61
10/12/2018,51.0
11/12/2018,51.65
12/12/2018,51.15
13/12/2018,52.58
14/12/2018,51.254
17/12/2018,50.008
18/12/2018,46.456
19/12/2018,47.976000000000006
20/12/2018,45.88
21/12/2018,45.59
24/12/2018,42.53
26/12/2018,46.22
27/12/2018,44.61
28/12/2018,45.33
31/12/2018,45.41
02/01/2019,46.54
03/01/2019,47.09
04/01/2019,47.96
07/01/2019,48.52
08/01/2019,49.78
09/01/2019,52.36
10/01/2019,52.59
11/01/2019,51.59
14/01/2019,50.51
15/01/2019,52.11
16/01/2019,52.37
17/01/2019,52.18600000000001
18/01/2019,53.944
22/01/2019,52.922
23/01/2019,52.62
24/01/2019,53.13
25/01/2019,53.69
28/01/2019,51.99
29/01/2019,53.31
30/01/2019,54.23
31/01/2019,53.79
01/02/2019,55.26
04/02/2019,54.56
05/02/2019,53.66
06/02/2019,54.01
07/02/2019,52.64
08/02/2019,52.72
11/02/2019,52.41
12/02/2019,53.1
13/02/2019,53.9
14/02/2019,54.486
15/02/2019,55.746
19/02/2019,56.306
20/02/2019,57.112
21/02/2019,56.96
22/02/2019,57.26
25/02/2019,55.48
26/02/2019,55.5
27/02/2019,56.94
28/02/2019,57.22
01/03/2019,55.8
04/03/2019,56.59
05/03/2019,56.56
06/03/2019,56.22
07/03/2019,56.66
08/03/2019,56.07
11/03/2019,56.79
12/03/2019,56.87
13/03/2019,58.26
14/03/2019,58.61
15/03/2019,58.58
18/03/2019,59.206
19/03/2019,59.18600000000001
20/03/2019,60.15
21/03/2019,59.98
22/03/2019,59.04
25/03/2019,58.82
26/03/2019,59.94
27/03/2019,59.41
28/03/2019,59.3
29/03/2019,60.14
01/04/2019,61.59
02/04/2019,62.58
03/04/2019,62.46
04/04/2019,62.1
05/04/2019,63.08
08/04/2019,64.4
09/04/2019,63.98
10/04/2019,64.61
11/04/2019,63.58
12/04/2019,63.89
15/04/2019,63.4
16/04/2019,64.078
17/04/2019,63.804
18/04/2019,64.042
22/04/2019,65.58
23/04/2019,66.3
24/04/2019,65.89
25/04/2019,65.21
26/04/2019,63.3
29/04/2019,63.5
30/04/2019,63.91
01/05/2019,63.6
02/05/2019,61.81
03/05/2019,61.94
06/05/2019,62.25
07/05/2019,61.4
08/05/2019,62.12
09/05/2019,61.7
10/05/2019,61.66
13/05/2019,61.04
14/05/2019,61.78
15/05/2019,62.02
16/05/2019,62.908
17/05/2019,62.824
20/05/2019,63.166
21/05/2019,63.102
22/05/2019,61.42
23/05/2019,57.91
24/05/2019,58.63
28/05/2019,59.14
29/05/2019,58.81
30/05/2019,56.59
31/05/2019,53.5
03/06/2019,53.25
04/06/2019,53.48
05/06/2019,51.68
06/06/2019,52.59
07/06/2019,53.99
10/06/2019,53.26
11/06/2019,53.27
12/06/2019,51.14
13/06/2019,52.28
14/06/2019,52.51
17/06/2019,51.978
18/06/2019,53.984
19/06/2019,53.886
20/06/2019,56.986
21/06/2019,57.43
24/06/2019,57.9
25/06/2019,57.83
26/06/2019,59.38
27/06/2019,59.43
28/06/2019,58.47
01/07/2019,59.09
02/07/2019,56.25
03/07/2019,57.34
05/07/2019,57.51
08/07/2019,57.66
09/07/2019,57.83
10/07/2019,60.43
11/07/2019,60.2
12/07/2019,60.21
15/07/2019,59.58
16/07/2019,57.62
17/07/2019,56.808
18/07/2019,55.348
19/07/2019,55.708
22/07/2019,56.22
23/07/2019,56.77
24/07/2019,55.88
25/07/2019,56.02
26/07/2019,56.2
29/07/2019,56.87
30/07/2019,58.05
31/07/2019,58.58
01/08/2019,53.95
02/08/2019,55.66
05/08/2019,54.69
06/08/2019,53.63
07/08/2019,51.09
08/08/2019,52.54
09/08/2019,54.5
12/08/2019,54.93
13/08/2019,57.1
14/08/2019,55.23
15/08/2019,54.46
16/08/2019,54.846
19/08/2019,56.168
20/08/2019,56.172
21/08/2019,55.68
22/08/2019,55.35
23/08/2019,54.17
26/08/2019,53.64
27/08/2019,54.93
28/08/2019,55.78
29/08/2019,56.71
30/08/2019,55.1
03/09/2019,53.94
04/09/2019,56.26
05/09/2019,56.3
06/09/2019,56.52
09/09/2019,57.85
10/09/2019,57.4
11/09/2019,55.75
12/09/2019,55.09
13/09/2019,54.85
16/09/2019,62.9
17/09/2019,59.292
18/09/2019,58.082
19/09/2019,58.166
20/09/2019,58.09
23/09/2019,58.64
24/09/2019,57.29
25/09/2019,56.49
26/09/2019,56.41
27/09/2019,55.91
30/09/2019,54.07
01/10/2019,53.62
02/10/2019,52.64
03/10/2019,52.45
04/10/2019,52.81
07/10/2019,52.75
08/10/2019,52.63
09/10/2019,52.59
10/10/2019,53.55
11/10/2019,54.7
14/10/2019,53.59
15/10/2019,52.81
16/10/2019,53.36
17/10/2019,53.95
18/10/2019,53.816
21/10/2019,53.43
22/10/2019,54.416
23/10/2019,55.97
24/10/2019,56.23
25/10/2019,56.66
28/10/2019,55.81
29/10/2019,55.54
30/10/2019,55.06
31/10/2019,54.18
01/11/2019,56.2
04/11/2019,56.54
05/11/2019,57.23
06/11/2019,56.35
07/11/2019,57.15
08/11/2019,57.24
11/11/2019,56.86
12/11/2019,56.8
13/11/2019,57.12
14/11/2019,56.77
15/11/2019,57.742
18/11/2019,57.08600000000001
19/11/2019,55.294
20/11/2019,57.03
21/11/2019,58.58
22/11/2019,57.77
25/11/2019,58.01
26/11/2019,58.41
27/11/2019,58.11
29/11/2019,55.17
02/12/2019,55.96
03/12/2019,56.1
04/12/2019,58.43
05/12/2019,58.43
06/12/2019,59.2
09/12/2019,59.02
10/12/2019,59.24
11/12/2019,58.76
12/12/2019,59.18
13/12/2019,60.07
16/12/2019,60.19600000000001
17/12/2019,60.912
18/12/2019,60.882
19/12/2019,61.188
20/12/2019,60.44
23/12/2019,60.52
24/12/2019,61.11
26/12/2019,61.68
27/12/2019,61.72
30/12/2019,61.68
31/12/2019,61.06
02/01/2020,61.18
03/01/2020,63.05
06/01/2020,63.27
07/01/2020,62.7
08/01/2020,59.61
09/01/2020,59.56
10/01/2020,59.04
13/01/2020,58.08
14/01/2020,58.23
15/01/2020,57.816
16/01/2020,58.524
17/01/2020,58.56399999999999
21/01/2020,58.372
22/01/2020,56.74
23/01/2020,55.59
24/01/2020,54.19
27/01/2020,53.14
28/01/2020,53.48
29/01/2020,53.33
30/01/2020,52.14
31/01/2020,51.56
03/02/2020,50.11
04/02/2020,49.61
05/02/2020,50.75
06/02/2020,50.95
07/02/2020,50.32
10/02/2020,49.57
11/02/2020,49.94
12/02/2020,51.17
13/02/2020,51.42
14/02/2020,52.104
18/02/2020,52.146
19/02/2020,53.41
20/02/2020,53.86
21/02/2020,53.38
24/02/2020,51.43
25/02/2020,49.9
26/02/2020,48.73
27/02/2020,47.09
28/02/2020,44.76
02/03/2020,46.75
03/03/2020,47.18
04/03/2020,46.78
05/03/2020,45.9
06/03/2020,41.28
09/03/2020,31.13
10/03/2020,34.36
11/03/2020,32.98
12/03/2020,31.5
13/03/2020,31.73
16/03/2020,28.7
17/03/2020,27.026
18/03/2020,20.554
19/03/2020,25.634
20/03/2020,22.59
23/03/2020,23.36
24/03/2020,24.01
25/03/2020,24.49
26/03/2020,22.6
27/03/2020,21.51
30/03/2020,20.09
31/03/2020,20.48
01/04/2020,20.31
02/04/2020,25.32
03/04/2020,28.34
06/04/2020,26.08
07/04/2020,23.63
08/04/2020,25.09
09/04/2020,22.76
13/04/2020,22.41
14/04/2020,20.11
15/04/2020,19.87
16/04/2020,21.0
17/04/2020,20.97
21/04/2020,11.26
22/04/2020,13.78
23/04/2020,16.5
24/04/2020,16.94
27/04/2020,12.78
28/04/2020,12.34
29/04/2020,15.06
30/04/2020,18.84
01/05/2020,19.78
04/05/2020,20.39
05/05/2020,24.56
06/05/2020,23.99
07/05/2020,23.55
08/05/2020,24.74
11/05/2020,24.14
12/05/2020,25.78
13/05/2020,25.29
19/05/2020,32.08
20/05/2020,33.19
21/05/2020,33.73
22/05/2020,33.02
23/05/2020,33.56
24/05/2020,33.56
25/05/2020,33.72
26/05/2020,33.93
27/05/2020,32.98
28/05/2020,34.01
29/05/2020,33.96
30/05/2020,35.32
31/05/2020,35.32
01/06/2020,35.12
02/06/2020,36.57
03/06/2020,36.88
04/06/2020,37.45
05/06/2020,39.51
06/06/2020,38.97
07/06/2020,38.97
>>>>>>> 8b0d7c83ce511d8572af9c0dec725260c0c60c03
